Account.Name,AccountId,CreatedDate,Department,Email,FirstName,Id,LastName,MailingCity,MailingStreet,MobilePhone,Title
Rodriguez Household - 1388494821,001F900001r1qrwIAA,2025-03-18T12:51:45.000+0000,,sofiarodriguez@example.com,Sofia,003F900001o96zeIAA,Rodriguez,Minneapolis,3 6th Avenue,612-350-2240,
Rodriguez Household - 1388494821,001F900001r1qrwIAA,2025-03-18T12:51:45.000+0000,,kasseycarlick@example.com,Kassey,003F900001o96zfIAA,Carlick,Kansas City,989 Northridge Junction,328-540-7945,
Rodriguez Household - 1388494821,001F900001r1qrwIAA,2025-03-18T12:51:45.000+0000,,laurenscarlson@example.com,Laurens,003F900001o96zgIAA,Carlson,San Rafael,3 Bunker Hill Point,237-887-9535,
Express Logistics and Transport,001F900001r1qs3IAA,2025-03-18T12:51:45.000+0000,,cacilieborrington@example.com,Cacilie,003F900001o970zIAA,Borrington,New York City,0128 Steensland Pass,707-553-2972,
Express Logistics and Transport,001F900001r1qs3IAA,2025-03-18T12:51:45.000+0000,,ardythwakerley@example.com,Ardyth,003F900001o9710IAA,Wakerley,Washington,18 Arizona Point,951-322-9615,
United Oil & Gas Corp.,001F900001r1qs2IAA,2025-03-18T12:51:45.000+0000,,andreamatias@example.com,Andrea,003F900001o9711IAA,Matias,South Bend,68 Sunnyside Avenue,526-908-2274,
United Oil & Gas Corp.,001F900001r1qs2IAA,2025-03-18T12:51:45.000+0000,,webergingles@example.com,Weber,003F900001o9712IAA,Gingles,Gatesville,43 Acker Circle,911-413-1554,
United Oil & Gas Corp.,001F900001r1qs2IAA,2025-03-18T12:51:45.000+0000,,henrikaggis@example.com,Henrik,003F900001o9713IAA,Aggis,Orlando,2580 Transport Center,180-911-8579,
Pyramid Construction Inc.,001F900001r1qrzIAA,2025-03-18T12:51:45.000+0000,,zondrasemarke@example.com,Zondra,003F900001o9714IAA,Semarke,Spokane,73 Quincy Center,913-235-2027,
Pyramid Construction Inc.,001F900001r1qrzIAA,2025-03-18T12:51:45.000+0000,,willisfearnside@example.com,Willis,003F900001o9715IAA,Fearnside,Huntsville,26336 Thackeray Trail,152-274-9917,
Pyramid Construction Inc.,001F900001r1qrzIAA,2025-03-18T12:51:45.000+0000,,gunarmetheringham@example.com,Gunar,003F900001o9716IAA,Metheringham,Wilkes Barre,823 Stone Corner Point,662-283-6056,
Dickenson plc,001F900001r1qs0IAA,2025-03-18T12:51:45.000+0000,,gunargedney@example.com,Gunar,003F900001o9717IAA,Gedney,Springfield,52777 Barby Place,357-537-1749,
Dickenson plc,001F900001r1qs0IAA,2025-03-18T12:51:45.000+0000,,orrangaythwaite@example.com,Orran,003F900001o9718IAA,Gaythwaite,Chicago,821 Ohio Lane,778-262-5127,
Grand Hotels & Resorts Ltd,001F900001r1qs1IAA,2025-03-18T12:51:45.000+0000,,eldredgereame@example.com,Eldredge,003F900001o9719IAA,Reame,Lincoln,03 Carpenter Drive,441-478-6257,
Grand Hotels & Resorts Ltd,001F900001r1qs1IAA,2025-03-18T12:51:45.000+0000,,teddypascow@example.com,Teddy,003F900001o971AIAQ,Pascow,Corpus Christi,342 Browning Pass,768-201-0571,
Edge Communications,001F900001r1qrxIAA,2025-03-18T12:51:45.000+0000,,kacietenaunt@example.com,Kacie,003F900001o971BIAQ,Tenaunt,Charleston,57072 Del Mar Drive,360-239-1657,
Edge Communications,001F900001r1qrxIAA,2025-03-18T12:51:45.000+0000,,mirnamcneilley@example.com,Mirna,003F900001o971CIAQ,McNeilley,Lexington,300 Merrick Crossing,256-986-4856,
Edge Communications,001F900001r1qrxIAA,2025-03-18T12:51:45.000+0000,,maxicardenas@example.com,Maxi,003F900001o971DIAQ,Cardenas,Roanoke,71038 Debs Drive,720-567-9845,
Burlington Textiles Corp of America,001F900001r1qryIAA,2025-03-18T12:51:45.000+0000,,carvermccomiskey@example.com,Carver,003F900001o971EIAQ,McComiskey,Spokane,2 Prairie Rose Way,432-346-9567,
Burlington Textiles Corp of America,001F900001r1qryIAA,2025-03-18T12:51:45.000+0000,,schuylerfeaveer@example.com,Schuyler,003F900001o971FIAQ,Feaveer,Kingsport,769 Huxley Crossing,966-247-6394,
Edge Communications,001F900001r1qrxIAA,2025-03-18T12:51:45.000+0000,Procurement,rose@edge.com,Rose,003F900001o971GIAQ,Gonzalez,,"313 Constitution Place
Austin, TX 78767
USA",(512) 757-9340,"SVP, Procurement"
Edge Communications,001F900001r1qrxIAA,2025-03-18T12:51:45.000+0000,Finance,sean@edge.com,Sean,003F900001o971HIAQ,Forbes,,"312 Constitution Place
Austin, TX 78767
USA",(512) 757-4561,CFO
Burlington Textiles Corp of America,001F900001r1qryIAA,2025-03-18T12:51:45.000+0000,,jrogers@burlington.com,Jack,003F900001o971IIAQ,Rogers,Burlington,525 S. Lexington Ave,,"VP, Facilities"
Pyramid Construction Inc.,001F900001r1qrzIAA,2025-03-18T12:51:45.000+0000,Finance,pat@pyramid.net,Pat,003F900001o971JIAQ,Stumuller,Paris,2 Place Jussieu,(014) 454-6364,"SVP, Administration and Finance"
Dickenson plc,001F900001r1qs0IAA,2025-03-18T12:51:45.000+0000,Internal Operations,a_young@dickenson.com,Andy,003F900001o971KIAQ,Young,Lawrence,1301 Hoch Drive,(785) 265-5350,"SVP, Operations"
Grand Hotels & Resorts Ltd,001F900001r1qs1IAA,2025-03-18T12:51:45.000+0000,Finance,barr_tim@grandhotels.com,Tim,003F900001o971LIAQ,Barr,,"2335 N. Michigan Avenue, Suite 1500
Chicago, IL 60601, USA",(312) 596-1230,"SVP, Administration and Finance"
Grand Hotels & Resorts Ltd,001F900001r1qs1IAA,2025-03-18T12:51:45.000+0000,Facilities,bond_john@grandhotels.com,John,003F900001o971MIAQ,Bond,,"2334 N. Michigan Avenue, Suite 1500
Chicago, IL 60601, USA",(312) 596-1563,"VP, Facilities"
United Oil & Gas Corp.,001F900001r1qs2IAA,2025-03-18T12:51:45.000+0000,Production,spavlova@uog.com,Stella,003F900001o971NIAQ,Pavlova,,"1303 Avenue of the Americas 
New York, NY 10019
USA",(212) 842-5501,"SVP, Production"
United Oil & Gas Corp.,001F900001r1qs2IAA,2025-03-18T12:51:45.000+0000,Technology,lboyle@uog.com,Lauren,003F900001o971OIAQ,Boyle,,"1304 Avenue of the Americas 
New York, NY 10019
USA",(212) 842-5611,"SVP, Technology"
Express Logistics and Transport,001F900001r1qs3IAA,2025-03-18T12:51:45.000+0000,Operations,b.levy@expressl&t.net,Babara,,Levy,,"620 SW 5th Avenue Suite 400
Portland, Oregon 97204
United States",(503) 421-5451,"SVP, Operations"
Express Logistics and Transport,001F900001r1qs3IAA,2025-03-18T12:51:45.000+0000,Warehouse Mgmt,j.davis@expressl&t.net,Josh,,Davis,,"621 SW 5th Avenue Suite 400
Portland, Oregon 97204
United States",(503) 421-4387,"Director, Warehouse Mgmt"
University of Arizona,001F900001r1qs4IAA,2025-03-18T12:51:45.000+0000,Administration,jane_gray@uoa.edu,Jane,003F900001o971PIAQ,Grey,,"888 N Euclid 
Hallis Center, Room 501
Tucson, AZ 85721
United States",(520) 773-4539,Dean of Administration
United Oil & Gas Corp.,001F900001r1qs2IAA,2025-03-18T12:51:45.000+0000,Executive Team,asong@uog.com,Arthur,003F900001o971QIAQ,Song,,"1301 Avenue of the Americas 
New York, NY 10019
USA",(212) 842-4535,CEO
"United Oil & Gas, UK",001F900001r1qs5IAA,2025-03-18T12:51:45.000+0000,Finance,ajames@uog.com,Ashley,003F900001o971RIAQ,James,,"Kings Park, 17th Avenue, Team Valley Trading Estate,
Gateshead, Tyne and Wear NE26 3HS
United Kingdom",+44 191 3456234,"VP, Finance"
"United Oil & Gas, Singapore",001F900001r1qs6IAA,2025-03-18T12:51:45.000+0000,Executive Team,tripley@uog.com,Tom,003F900001o971SIAQ,Ripley,,"9 Tagore Lane
Singapore, Singapore 787472
Singapore",(650) 345-7636,Regional General Manager
"United Oil & Gas, Singapore",001F900001r1qs6IAA,2025-03-18T12:51:45.000+0000,Production,ldcruz@uog.com,Liz,003F900001o971TIAQ,D'Cruz,,"10 Tagore Lane
Singapore, Singapore 787472
Singapore",(650) 345-6637,"VP, Production"
GenePoint,001F900001r1qs7IAA,2025-03-18T12:51:45.000+0000,Technology,efrank@genepoint.com,Edna,003F900001o971UIAQ,Frank,,"345 Shoreline Park
Mountain View, CA 94043
USA",(650) 867-7686,"VP, Technology"
United Oil & Gas Corp.,001F900001r1qs2IAA,2025-03-18T12:51:45.000+0000,Finance,agreen@uog.com,Avi,003F900001o971VIAQ,Green,,"1302 Avenue of the Americas 
New York, NY 10019
USA",(212) 842-2383,CFO
sForce,001F900001r1qs8IAA,2025-03-18T12:51:45.000+0000,,,Siddartha,003F900001o971WIAQ,Nedaerk,San Francisco,The Landmark @ One Market,,
sForce,001F900001r1qs8IAA,2025-03-18T12:51:45.000+0000,,,Jake,003F900001o971XIAQ,Llorrac,,,,
GenePoint,001F900001r1qs7IAA,2025-03-18T12:51:45.000+0000,,vaniagenthner@example.com,Vania,003F900001o971YIAQ,Genthner,Birmingham,34363 Vahlen Avenue,947-509-3943,
GenePoint,001F900001r1qs7IAA,2025-03-18T12:51:45.000+0000,,darnreavell@example.com,Darn,003F900001o971ZIAQ,Reavell,Bethesda,8 Loftsgordon Pass,445-407-5068,
GenePoint,001F900001r1qs7IAA,2025-03-18T12:51:45.000+0000,,stantisor@example.com,Stan,003F900001o971aIAA,Tisor,Washington,3 Dixon Avenue,729-593-8207,
GenePoint,001F900001r1qs7IAA,2025-03-18T12:51:45.000+0000,,bobbettecunah@example.com,Bobbette,003F900001o971bIAA,Cunah,Dallas,558 Emmet Place,410-822-5305,
,,,,,,,,,,,
,,,,,,,,,,,
,,,,,,,,,,,
,,,,,,,,,,,
,,,,,,,,,,,
,,,,,,,,,,,
,,,,,,,,,,,
,,,,,,,,,,,
,,,,,,,,,,,
,,,,,,,,,,,
,,,,,,,,,,,
,,,,,,,,,,,
,,,,,,,,,,,
,,,,,,,,,,,
,,,,,,,,,,,
,,,,,,,,,,,
,,,,,,,,,,,
,,,,,,,,,,,
,,,,,,,,,,,
,,,,,,,,,,,
,,,,,,,,,,,
,,,,,,,,,,,
,,,,,,,,,,,
,,,,,,,,,,,
,,,,,,,,,,,
,,,,,,,,,,,
,,,,,,,,,,,
,,,,,,,,,,,
,,,,,,,,,,,
,,,,,,,,,,,
,,,,,,,,,,,
,,,,,,,,,,,
,,,,,,,,,,,
,,,,,,,,,,,
,,,,,,,,,,,
,,,,,,,,,,,
,,,,,,,,,,,
,,,,,,,,,,,
,,,,,,,,,,,
,,,,,,,,,,,
,,,,,,,,,,,
,,,,,,,,,,,
,,,,,,,,,,,
,,,,,,,,,,,
,,,,,,,,,,,
,,,,,,,,,,,
,,,,,,,,,,,
,,,,,,,,,,,
,,,,,,,,,,,
,,,,,,,,,,,
,,,,,,,,,,,
,,,,,,,,,,,
,,,,,,,,,,,
,,,,,,,,,,,
,,,,,,,,,,,
,,,,,,,,,,,
,,,,,,,,,,,
,,,,,,,,,,,
,,,,,,,,,,,
,,,,,,,,,,,
,,,,,,,,,,,
,,,,,,,,,,,
,,,,,,,,,,,
,,,,,,,,,,,
,,,,,,,,,,,
,,,,,,,,,,,
,,,,,,,,,,,
,,,,,,,,,,,
,,,,,,,,,,,
,,,,,,,,,,,
,,,,,,,,,,,
,,,,,,,,,,,
,,,,,,,,,,,
,,,,,,,,,,,
,,,,,,,,,,,
,,,,,,,,,,,
,,,,,,,,,,,
,,,,,,,,,,,
,,,,,,,,,,,
,,,,,,,,,,,
,,,,,,,,,,,
,,,,,,,,,,,
,,,,,,,,,,,
,,,,,,,,,,,
,,,,,,,,,,,
,,,,,,,,,,,
,,,,,,,,,,,
,,,,,,,,,,,
,,,,,,,,,,,
,,,,,,,,,,,
,,,,,,,,,,,
,,,,,,,,,,,
,,,,,,,,,,,
,,,,,,,,,,,
,,,,,,,,,,,
,,,,,,,,,,,
,,,,,,,,,,,
,,,,,,,,,,,
,,,,,,,,,,,
,,,,,,,,,,,
,,,,,,,,,,,
,,,,,,,,,,,
,,,,,,,,,,,
,,,,,,,,,,,
,,,,,,,,,,,
,,,,,,,,,,,
,,,,,,,,,,,
,,,,,,,,,,,
,,,,,,,,,,,
,,,,,,,,,,,
,,,,,,,,,,,
,,,,,,,,,,,
,,,,,,,,,,,
,,,,,,,,,,,
,,,,,,,,,,,
,,,,,,,,,,,
,,,,,,,,,,,
,,,,,,,,,,,
,,,,,,,,,,,
,,,,,,,,,,,
,,,,,,,,,,,
,,,,,,,,,,,
,,,,,,,,,,,
,,,,,,,,,,,
,,,,,,,,,,,
,,,,,,,,,,,
,,,,,,,,,,,
,,,,,,,,,,,
,,,,,,,,,,,
,,,,,,,,,,,
,,,,,,,,,,,
,,,,,,,,,,,
,,,,,,,,,,,
,,,,,,,,,,,
,,,,,,,,,,,
,,,,,,,,,,,
,,,,,,,,,,,
,,,,,,,,,,,
,,,,,,,,,,,
,,,,,,,,,,,
,,,,,,,,,,,
,,,,,,,,,,,
,,,,,,,,,,,
,,,,,,,,,,,
,,,,,,,,,,,
,,,,,,,,,,,
,,,,,,,,,,,
,,,,,,,,,,,
,,,,,,,,,,,
,,,,,,,,,,,
,,,,,,,,,,,
,,,,,,,,,,,
,,,,,,,,,,,
,,,,,,,,,,,
,,,,,,,,,,,
,,,,,,,,,,,
,,,,,,,,,,,
,,,,,,,,,,,
,,,,,,,,,,,
,,,,,,,,,,,
,,,,,,,,,,,
,,,,,,,,,,,
,,,,,,,,,,,
,,,,,,,,,,,
,,,,,,,,,,,
,,,,,,,,,,,
,,,,,,,,,,,
,,,,,,,,,,,
,,,,,,,,,,,
,,,,,,,,,,,
,,,,,,,,,,,
,,,,,,,,,,,
,,,,,,,,,,,
,,,,,,,,,,,
,,,,,,,,,,,
,,,,,,,,,,,
,,,,,,,,,,,
,,,,,,,,,,,
,,,,,,,,,,,
,,,,,,,,,,,
,,,,,,,,,,,
,,,,,,,,,,,
,,,,,,,,,,,
,,,,,,,,,,,
,,,,,,,,,,,
,,,,,,,,,,,
,,,,,,,,,,,
,,,,,,,,,,,
,,,,,,,,,,,
,,,,,,,,,,,
,,,,,,,,,,,
,,,,,,,,,,,
,,,,,,,,,,,
,,,,,,,,,,,
,,,,,,,,,,,
,,,,,,,,,,,
,,,,,,,,,,,
,,,,,,,,,,,
,,,,,,,,,,,
,,,,,,,,,,,
,,,,,,,,,,,
,,,,,,,,,,,
,,,,,,,,,,,
,,,,,,,,,,,
,,,,,,,,,,,
,,,,,,,,,,,
,,,,,,,,,,,
,,,,,,,,,,,
,,,,,,,,,,,
,,,,,,,,,,,
,,,,,,,,,,,
,,,,,,,,,,,
,,,,,,,,,,,
,,,,,,,,,,,
,,,,,,,,,,,
,,,,,,,,,,,
,,,,,,,,,,,
,,,,,,,,,,,
,,,,,,,,,,,
,,,,,,,,,,,
,,,,,,,,,,,
,,,,,,,,,,,
,,,,,,,,,,,
,,,,,,,,,,,
,,,,,,,,,,,
,,,,,,,,,,,
,,,,,,,,,,,
,,,,,,,,,,,
,,,,,,,,,,,
,,,,,,,,,,,
,,,,,,,,,,,
,,,,,,,,,,,
,,,,,,,,,,,
,,,,,,,,,,,
,,,,,,,,,,,
,,,,,,,,,,,
,,,,,,,,,,,
,,,,,,,,,,,
,,,,,,,,,,,
,,,,,,,,,,,
,,,,,,,,,,,
,,,,,,,,,,,
,,,,,,,,,,,
,,,,,,,,,,,
,,,,,,,,,,,
,,,,,,,,,,,
,,,,,,,,,,,
,,,,,,,,,,,
,,,,,,,,,,,
,,,,,,,,,,,
,,,,,,,,,,,
,,,,,,,,,,,
,,,,,,,,,,,
,,,,,,,,,,,
,,,,,,,,,,,
,,,,,,,,,,,
,,,,,,,,,,,
,,,,,,,,,,,
,,,,,,,,,,,
,,,,,,,,,,,
,,,,,,,,,,,
,,,,,,,,,,,
,,,,,,,,,,,
,,,,,,,,,,,
,,,,,,,,,,,
,,,,,,,,,,,
,,,,,,,,,,,
,,,,,,,,,,,
,,,,,,,,,,,
,,,,,,,,,,,
,,,,,,,,,,,
,,,,,,,,,,,
,,,,,,,,,,,
,,,,,,,,,,,
,,,,,,,,,,,
,,,,,,,,,,,
,,,,,,,,,,,
,,,,,,,,,,,
,,,,,,,,,,,
,,,,,,,,,,,
,,,,,,,,,,,
,,,,,,,,,,,
,,,,,,,,,,,
,,,,,,,,,,,
,,,,,,,,,,,
,,,,,,,,,,,
,,,,,,,,,,,
,,,,,,,,,,,
,,,,,,,,,,,
,,,,,,,,,,,
,,,,,,,,,,,
,,,,,,,,,,,
,,,,,,,,,,,
,,,,,,,,,,,
,,,,,,,,,,,
,,,,,,,,,,,
,,,,,,,,,,,
,,,,,,,,,,,
,,,,,,,,,,,
,,,,,,,,,,,
,,,,,,,,,,,
,,,,,,,,,,,
,,,,,,,,,,,
,,,,,,,,,,,
,,,,,,,,,,,
,,,,,,,,,,,
,,,,,,,,,,,
,,,,,,,,,,,
,,,,,,,,,,,
,,,,,,,,,,,
,,,,,,,,,,,
,,,,,,,,,,,
,,,,,,,,,,,
,,,,,,,,,,,
,,,,,,,,,,,
,,,,,,,,,,,
,,,,,,,,,,,
,,,,,,,,,,,
,,,,,,,,,,,
,,,,,,,,,,,
,,,,,,,,,,,
,,,,,,,,,,,
,,,,,,,,,,,
,,,,,,,,,,,
,,,,,,,,,,,
,,,,,,,,,,,
,,,,,,,,,,,
,,,,,,,,,,,
,,,,,,,,,,,
,,,,,,,,,,,
,,,,,,,,,,,
,,,,,,,,,,,
,,,,,,,,,,,
,,,,,,,,,,,
,,,,,,,,,,,
,,,,,,,,,,,
,,,,,,,,,,,
,,,,,,,,,,,
,,,,,,,,,,,
,,,,,,,,,,,
,,,,,,,,,,,
,,,,,,,,,,,
,,,,,,,,,,,
,,,,,,,,,,,
,,,,,,,,,,,
,,,,,,,,,,,
,,,,,,,,,,,
,,,,,,,,,,,
,,,,,,,,,,,
,,,,,,,,,,,
,,,,,,,,,,,
,,,,,,,,,,,
,,,,,,,,,,,
,,,,,,,,,,,
,,,,,,,,,,,
,,,,,,,,,,,
,,,,,,,,,,,
,,,,,,,,,,,
,,,,,,,,,,,
,,,,,,,,,,,
,,,,,,,,,,,
,,,,,,,,,,,
,,,,,,,,,,,
,,,,,,,,,,,
,,,,,,,,,,,
,,,,,,,,,,,
,,,,,,,,,,,
,,,,,,,,,,,
,,,,,,,,,,,
,,,,,,,,,,,
,,,,,,,,,,,
,,,,,,,,,,,
,,,,,,,,,,,
,,,,,,,,,,,
,,,,,,,,,,,
,,,,,,,,,,,
,,,,,,,,,,,
,,,,,,,,,,,
,,,,,,,,,,,
,,,,,,,,,,,
,,,,,,,,,,,
,,,,,,,,,,,
,,,,,,,,,,,
,,,,,,,,,,,
,,,,,,,,,,,
,,,,,,,,,,,
,,,,,,,,,,,
,,,,,,,,,,,
,,,,,,,,,,,
,,,,,,,,,,,
,,,,,,,,,,,
,,,,,,,,,,,
,,,,,,,,,,,
,,,,,,,,,,,
,,,,,,,,,,,
,,,,,,,,,,,
,,,,,,,,,,,
,,,,,,,,,,,
,,,,,,,,,,,
,,,,,,,,,,,
,,,,,,,,,,,
,,,,,,,,,,,
,,,,,,,,,,,
,,,,,,,,,,,
,,,,,,,,,,,
,,,,,,,,,,,
,,,,,,,,,,,
,,,,,,,,,,,
,,,,,,,,,,,
,,,,,,,,,,,
,,,,,,,,,,,
,,,,,,,,,,,
,,,,,,,,,,,
,,,,,,,,,,,
,,,,,,,,,,,
,,,,,,,,,,,
,,,,,,,,,,,
,,,,,,,,,,,
,,,,,,,,,,,
,,,,,,,,,,,
,,,,,,,,,,,
,,,,,,,,,,,
,,,,,,,,,,,
,,,,,,,,,,,
,,,,,,,,,,,
,,,,,,,,,,,
,,,,,,,,,,,
,,,,,,,,,,,
,,,,,,,,,,,
,,,,,,,,,,,
,,,,,,,,,,,
,,,,,,,,,,,
,,,,,,,,,,,
,,,,,,,,,,,
,,,,,,,,,,,
,,,,,,,,,,,
,,,,,,,,,,,
,,,,,,,,,,,
,,,,,,,,,,,
,,,,,,,,,,,
,,,,,,,,,,,
,,,,,,,,,,,
,,,,,,,,,,,
,,,,,,,,,,,
,,,,,,,,,,,
,,,,,,,,,,,
,,,,,,,,,,,
,,,,,,,,,,,
,,,,,,,,,,,
,,,,,,,,,,,
,,,,,,,,,,,
,,,,,,,,,,,
,,,,,,,,,,,
,,,,,,,,,,,
,,,,,,,,,,,
,,,,,,,,,,,
,,,,,,,,,,,
,,,,,,,,,,,
,,,,,,,,,,,
,,,,,,,,,,,
,,,,,,,,,,,
,,,,,,,,,,,
,,,,,,,,,,,
,,,,,,,,,,,
,,,,,,,,,,,
,,,,,,,,,,,
,,,,,,,,,,,
,,,,,,,,,,,
,,,,,,,,,,,
,,,,,,,,,,,
,,,,,,,,,,,
,,,,,,,,,,,
,,,,,,,,,,,
,,,,,,,,,,,
,,,,,,,,,,,
,,,,,,,,,,,
,,,,,,,,,,,
,,,,,,,,,,,
,,,,,,,,,,,
,,,,,,,,,,,
,,,,,,,,,,,
,,,,,,,,,,,
,,,,,,,,,,,
,,,,,,,,,,,
,,,,,,,,,,,
,,,,,,,,,,,
,,,,,,,,,,,
,,,,,,,,,,,
,,,,,,,,,,,
,,,,,,,,,,,
,,,,,,,,,,,
,,,,,,,,,,,
,,,,,,,,,,,
,,,,,,,,,,,
,,,,,,,,,,,
,,,,,,,,,,,
,,,,,,,,,,,
,,,,,,,,,,,
,,,,,,,,,,,
,,,,,,,,,,,
,,,,,,,,,,,
,,,,,,,,,,,
,,,,,,,,,,,
,,,,,,,,,,,
,,,,,,,,,,,
,,,,,,,,,,,
,,,,,,,,,,,
,,,,,,,,,,,
,,,,,,,,,,,
,,,,,,,,,,,
,,,,,,,,,,,
,,,,,,,,,,,
,,,,,,,,,,,
,,,,,,,,,,,
,,,,,,,,,,,
,,,,,,,,,,,
,,,,,,,,,,,
,,,,,,,,,,,
,,,,,,,,,,,
,,,,,,,,,,,
,,,,,,,,,,,
,,,,,,,,,,,
,,,,,,,,,,,
,,,,,,,,,,,
,,,,,,,,,,,
,,,,,,,,,,,
,,,,,,,,,,,
,,,,,,,,,,,
,,,,,,,,,,,
,,,,,,,,,,,
,,,,,,,,,,,
,,,,,,,,,,,
,,,,,,,,,,,
,,,,,,,,,,,
,,,,,,,,,,,
,,,,,,,,,,,
,,,,,,,,,,,
,,,,,,,,,,,
,,,,,,,,,,,
,,,,,,,,,,,
,,,,,,,,,,,
,,,,,,,,,,,
,,,,,,,,,,,
,,,,,,,,,,,
,,,,,,,,,,,
,,,,,,,,,,,
,,,,,,,,,,,
,,,,,,,,,,,
,,,,,,,,,,,
,,,,,,,,,,,
,,,,,,,,,,,
,,,,,,,,,,,
,,,,,,,,,,,
,,,,,,,,,,,
,,,,,,,,,,,
,,,,,,,,,,,
,,,,,,,,,,,
,,,,,,,,,,,
,,,,,,,,,,,
,,,,,,,,,,,
,,,,,,,,,,,
,,,,,,,,,,,
,,,,,,,,,,,
,,,,,,,,,,,
,,,,,,,,,,,
,,,,,,,,,,,
,,,,,,,,,,,
,,,,,,,,,,,
,,,,,,,,,,,
,,,,,,,,,,,
,,,,,,,,,,,
,,,,,,,,,,,
,,,,,,,,,,,
,,,,,,,,,,,
,,,,,,,,,,,
,,,,,,,,,,,
,,,,,,,,,,,
,,,,,,,,,,,
,,,,,,,,,,,
,,,,,,,,,,,
,,,,,,,,,,,
,,,,,,,,,,,
,,,,,,,,,,,
,,,,,,,,,,,
,,,,,,,,,,,
,,,,,,,,,,,
,,,,,,,,,,,
,,,,,,,,,,,
,,,,,,,,,,,
,,,,,,,,,,,
,,,,,,,,,,,
,,,,,,,,,,,
,,,,,,,,,,,
,,,,,,,,,,,
,,,,,,,,,,,
,,,,,,,,,,,
,,,,,,,,,,,
,,,,,,,,,,,
,,,,,,,,,,,
,,,,,,,,,,,
,,,,,,,,,,,
,,,,,,,,,,,
,,,,,,,,,,,
,,,,,,,,,,,
,,,,,,,,,,,
,,,,,,,,,,,
,,,,,,,,,,,
,,,,,,,,,,,
,,,,,,,,,,,
,,,,,,,,,,,
,,,,,,,,,,,
,,,,,,,,,,,
,,,,,,,,,,,
,,,,,,,,,,,
,,,,,,,,,,,
,,,,,,,,,,,
,,,,,,,,,,,
,,,,,,,,,,,
,,,,,,,,,,,
,,,,,,,,,,,
,,,,,,,,,,,
,,,,,,,,,,,
,,,,,,,,,,,
,,,,,,,,,,,
,,,,,,,,,,,
,,,,,,,,,,,
,,,,,,,,,,,
,,,,,,,,,,,
,,,,,,,,,,,
,,,,,,,,,,,
,,,,,,,,,,,
,,,,,,,,,,,
,,,,,,,,,,,
,,,,,,,,,,,
,,,,,,,,,,,
,,,,,,,,,,,
,,,,,,,,,,,
,,,,,,,,,,,
,,,,,,,,,,,
,,,,,,,,,,,
,,,,,,,,,,,
,,,,,,,,,,,
,,,,,,,,,,,
,,,,,,,,,,,
,,,,,,,,,,,
,,,,,,,,,,,
,,,,,,,,,,,
,,,,,,,,,,,
,,,,,,,,,,,
,,,,,,,,,,,
,,,,,,,,,,,
,,,,,,,,,,,
,,,,,,,,,,,
,,,,,,,,,,,
,,,,,,,,,,,
,,,,,,,,,,,
,,,,,,,,,,,
,,,,,,,,,,,
,,,,,,,,,,,
,,,,,,,,,,,
,,,,,,,,,,,
,,,,,,,,,,,
,,,,,,,,,,,
,,,,,,,,,,,
,,,,,,,,,,,
,,,,,,,,,,,
,,,,,,,,,,,
,,,,,,,,,,,
,,,,,,,,,,,
,,,,,,,,,,,
,,,,,,,,,,,
,,,,,,,,,,,
,,,,,,,,,,,
,,,,,,,,,,,
,,,,,,,,,,,
,,,,,,,,,,,
,,,,,,,,,,,
,,,,,,,,,,,
,,,,,,,,,,,
,,,,,,,,,,,
,,,,,,,,,,,
,,,,,,,,,,,
,,,,,,,,,,,
,,,,,,,,,,,
,,,,,,,,,,,
,,,,,,,,,,,
,,,,,,,,,,,
,,,,,,,,,,,
,,,,,,,,,,,
,,,,,,,,,,,
,,,,,,,,,,,
,,,,,,,,,,,
,,,,,,,,,,,
,,,,,,,,,,,
,,,,,,,,,,,
,,,,,,,,,,,
,,,,,,,,,,,
,,,,,,,,,,,
,,,,,,,,,,,
,,,,,,,,,,,
,,,,,,,,,,,
,,,,,,,,,,,
,,,,,,,,,,,
,,,,,,,,,,,
,,,,,,,,,,,
,,,,,,,,,,,
,,,,,,,,,,,
,,,,,,,,,,,
,,,,,,,,,,,
,,,,,,,,,,,
,,,,,,,,,,,
,,,,,,,,,,,
,,,,,,,,,,,
,,,,,,,,,,,
,,,,,,,,,,,
,,,,,,,,,,,
,,,,,,,,,,,
,,,,,,,,,,,
,,,,,,,,,,,
,,,,,,,,,,,
,,,,,,,,,,,
,,,,,,,,,,,
,,,,,,,,,,,
,,,,,,,,,,,
,,,,,,,,,,,
,,,,,,,,,,,
,,,,,,,,,,,
,,,,,,,,,,,
,,,,,,,,,,,
,,,,,,,,,,,
,,,,,,,,,,,
,,,,,,,,,,,
,,,,,,,,,,,
,,,,,,,,,,,
,,,,,,,,,,,
,,,,,,,,,,,
,,,,,,,,,,,
,,,,,,,,,,,
,,,,,,,,,,,
,,,,,,,,,,,
,,,,,,,,,,,
,,,,,,,,,,,
,,,,,,,,,,,
,,,,,,,,,,,
,,,,,,,,,,,
,,,,,,,,,,,
,,,,,,,,,,,
,,,,,,,,,,,
,,,,,,,,,,,
,,,,,,,,,,,
,,,,,,,,,,,
,,,,,,,,,,,
,,,,,,,,,,,
,,,,,,,,,,,
,,,,,,,,,,,
,,,,,,,,,,,
,,,,,,,,,,,
,,,,,,,,,,,
,,,,,,,,,,,
,,,,,,,,,,,
,,,,,,,,,,,
,,,,,,,,,,,
,,,,,,,,,,,
,,,,,,,,,,,
,,,,,,,,,,,
,,,,,,,,,,,
,,,,,,,,,,,
,,,,,,,,,,,
,,,,,,,,,,,
,,,,,,,,,,,
,,,,,,,,,,,
,,,,,,,,,,,
,,,,,,,,,,,
,,,,,,,,,,,
,,,,,,,,,,,
,,,,,,,,,,,
,,,,,,,,,,,
,,,,,,,,,,,
,,,,,,,,,,,
,,,,,,,,,,,
,,,,,,,,,,,
,,,,,,,,,,,
,,,,,,,,,,,
,,,,,,,,,,,
,,,,,,,,,,,
,,,,,,,,,,,
,,,,,,,,,,,
,,,,,,,,,,,
,,,,,,,,,,,
,,,,,,,,,,,
,,,,,,,,,,,
,,,,,,,,,,,
,,,,,,,,,,,
,,,,,,,,,,,
,,,,,,,,,,,
,,,,,,,,,,,
,,,,,,,,,,,
,,,,,,,,,,,
,,,,,,,,,,,
,,,,,,,,,,,
,,,,,,,,,,,
,,,,,,,,,,,
,,,,,,,,,,,
,,,,,,,,,,,
,,,,,,,,,,,
,,,,,,,,,,,
,,,,,,,,,,,
,,,,,,,,,,,
,,,,,,,,,,,
,,,,,,,,,,,
,,,,,,,,,,,
,,,,,,,,,,,
,,,,,,,,,,,
,,,,,,,,,,,
,,,,,,,,,,,
,,,,,,,,,,,
,,,,,,,,,,,
,,,,,,,,,,,
,,,,,,,,,,,
,,,,,,,,,,,
,,,,,,,,,,,
,,,,,,,,,,,
,,,,,,,,,,,
,,,,,,,,,,,
,,,,,,,,,,,
,,,,,,,,,,,
,,,,,,,,,,,
,,,,,,,,,,,
,,,,,,,,,,,
,,,,,,,,,,,
,,,,,,,,,,,
,,,,,,,,,,,
,,,,,,,,,,,
,,,,,,,,,,,
,,,,,,,,,,,
,,,,,,,,,,,
,,,,,,,,,,,
,,,,,,,,,,,
,,,,,,,,,,,
,,,,,,,,,,,
,,,,,,,,,,,
,,,,,,,,,,,
,,,,,,,,,,,
,,,,,,,,,,,
,,,,,,,,,,,
,,,,,,,,,,,
,,,,,,,,,,,
,,,,,,,,,,,
,,,,,,,,,,,
,,,,,,,,,,,
,,,,,,,,,,,
,,,,,,,,,,,
,,,,,,,,,,,
,,,,,,,,,,,
,,,,,,,,,,,
,,,,,,,,,,,
,,,,,,,,,,,
,,,,,,,,,,,
,,,,,,,,,,,
,,,,,,,,,,,
,,,,,,,,,,,
,,,,,,,,,,,
,,,,,,,,,,,
,,,,,,,,,,,
,,,,,,,,,,,
,,,,,,,,,,,
,,,,,,,,,,,
,,,,,,,,,,,
,,,,,,,,,,,
,,,,,,,,,,,
,,,,,,,,,,,
,,,,,,,,,,,
,,,,,,,,,,,
,,,,,,,,,,,
,,,,,,,,,,,
,,,,,,,,,,,
,,,,,,,,,,,
,,,,,,,,,,,
,,,,,,,,,,,
,,,,,,,,,,,
,,,,,,,,,,,
,,,,,,,,,,,
,,,,,,,,,,,
,,,,,,,,,,,
,,,,,,,,,,,
,,,,,,,,,,,
,,,,,,,,,,,
,,,,,,,,,,,
