ExternalID__c,Name,BillingCity,BillingCountry,BillingPostalCode,BillingState,BillingStreet,CreatedDate,Industry,Phone,Website
ACC-1,Duarte Group,Donaldfurt,French Guiana,55126,Vermont,63478 Todd Roads,2023-02-04T01:14:00+0200,Manufacturing,001-307-839-8644,https://www.duartegroup.com
ACC-2,Owens PLC,Steventon,Qatar,94430,Indiana,82148 Wilson Ports Suite 373,2023-10-11T04:32:00+0200,Manufacturing,856.513.0525x77764,https://www.owensplc.com
ACC-3,Stafford and Sons,Vangtown,Angola,62110,New Hampshire,771 Valerie Ridge Apt. 100,2024-02-01T19:05:00+0200,Manufacturing,509-688-5570x70508,https://www.staffordandsons.com
ACC-4,Williams Inc,Martinberg,Switzerland,51373,Kansas,093 Jennifer Streets Suite 773,2024-05-31T17:30:00+0200,Technology,+1-616-597-1725x693,https://www.williamsinc.com
ACC-5,Mckee PLC,Williamsfort,Libyan Arab Jamahiriya,10542,Oklahoma,94214 Gregory Course Suite 827,2024-12-02T12:33:00+0200,Real Estate,901649264,https://www.mckeeplc.com
ACC-6,Barker-Robles,Brianland,Serbia,36297,Alaska,6096 Brown Loop Suite 930,2021-01-08T18:24:00+0200,Manufacturing,(512)548-8914x5085,https://www.barker-robles.com
ACC-7,Gonzales Inc,Shawnmouth,Saint Vincent and the Grenadines,61566,Alabama,66403 Nina Port,2024-04-09T17:01:00+0200,Retail,(683)313-2756,https://www.gonzalesinc.com
ACC-8,"Martinez, Payne and Weber",New Donaldview,Congo,50729,Kentucky,65028 Baker Bypass Suite 159,2022-06-06T11:55:00+0200,Hospitality,001-245-594-7957,"https://www.martinez,payneandweber.com"
ACC-9,Smith Group,Johnburgh,Bolivia,46286,Georgia,566 Tran Union,2023-12-01T10:21:00+0200,Healthcare,(074)332-4497,https://www.smithgroup.com
ACC-10,Murphy PLC,East Raymondstad,Benin,61056,Florida,5159 Harris Manor,2021-12-03T12:40:00+0200,Education,519233434,https://www.murphyplc.com
ACC-11,Pham Ltd,Port Allison,Portugal,78196,Illinois,74206 Johnson Views,2021-08-06T19:30:00+0200,Retail,(859)256-4412x05346,https://www.phamltd.com
ACC-12,Becker-Hunt,Williamsbury,Bahrain,54311,North Dakota,588 Melissa Plaza,2022-10-12T23:42:00+0200,Real Estate,(618)237-4182x98335,https://www.becker-hunt.com
ACC-13,Mckinney-Young,North David,Gibraltar,53789,Missouri,06022 Williams Camp,2021-05-07T14:37:00+0200,Education,(751)301-0917x708,https://www.mckinney-young.com
ACC-14,Gates Inc,Andrewhaven,American Samoa,99680,Ohio,18494 Robert Burgs,2021-08-04T20:17:00+0200,Real Estate,225.810.7628,https://www.gatesinc.com
ACC-15,Moon-Little,East Brandyhaven,Seychelles,86679,Kansas,5295 Mark Villages Suite 516,2021-08-08T06:38:00+0200,Consulting,259.981.3651x10225,https://www.moon-little.com
ACC-16,"Cummings, Kramer and Thompson",Lake Bonnie,Ethiopia,50991,Nebraska,76908 Paul Light,2020-08-08T03:36:00+0200,Healthcare,070.773.9846x35278,"https://www.cummings,kramerandthompson.com"
ACC-17,"Wilson, Page and Morris",West Meghan,Liberia,16725,West Virginia,5735 Samuel Crossing,2021-09-02T15:33:00+0200,Education,+1-690-720-4355x422,"https://www.wilson,pageandmorris.com"
ACC-18,"Jones, Morales and Rowe",Johnstonport,Tuvalu,89718,California,948 Susan Cove,2022-11-07T21:08:00+0200,Real Estate,(236)653-7130,"https://www.jones,moralesandrowe.com"
ACC-19,Burch and Sons,West Peterhaven,Lebanon,33918,Ohio,88319 David Radial,2021-11-12T04:21:00+0200,Manufacturing,001-291-465-3715x61472,https://www.burchandsons.com
ACC-20,Mitchell-Roberts,North Matthewport,Togo,61314,Massachusetts,4905 Scott Views Apt. 737,2022-09-02T15:06:00+0200,Healthcare,+1-005-589-5935,https://www.mitchell-roberts.com
ACC-21,Brown LLC,Warrenfurt,Guam,93562,Texas,73492 James Springs Suite 393,2023-09-05T21:17:00+0200,Hospitality,754.418.8952x7083,https://www.brownllc.com
ACC-22,Boyd-Blake,New Kristine,Tuvalu,57391,Indiana,0123 Robertson Viaduct,2021-01-03T17:01:00+0200,Manufacturing,(463)910-5294x8268,https://www.boyd-blake.com
ACC-23,"Jackson, Valdez and Morgan",Port Caitlin,Vietnam,86607,Ohio,266 Haynes Greens,2025-01-06T23:39:00+0200,Transportation,196.082.3397x1620,"https://www.jackson,valdezandmorgan.com"
ACC-24,Eaton-Brown,Lake John,Romania,2907,Minnesota,2958 Zavala Avenue,2022-02-04T11:55:00+0200,Transportation,(110)627-4524,https://www.eaton-brown.com
ACC-25,Hamilton-Newton,Ryanmouth,Kyrgyz Republic,74163,North Carolina,97993 Bautista Expressway Suite 512,2023-03-03T17:10:00+0200,Technology,4749028831,https://www.hamilton-newton.com
ACC-26,Clark LLC,East Katherine,Egypt,3015,Alabama,082 Lindsay Bridge,2022-12-04T06:36:00+0200,Consulting,001-515-145-2809x4214,https://www.clarkllc.com
ACC-27,Gonzalez Ltd,Vanessaton,San Marino,87756,Louisiana,20125 Anne Park Suite 099,2020-03-10T18:24:00+0200,Retail,428.315.7636,https://www.gonzalezltd.com
ACC-28,"Hull, Porter and Lewis",East Stephanie,Ecuador,44664,Iowa,214 Kaitlyn Courts Apt. 425,2020-11-04T18:51:00+0200,Real Estate,8576943612,"https://www.hull,porterandlewis.com"
ACC-29,"Poole, Lee and Jackson",Christinemouth,Dominican Republic,23183,Delaware,45898 Evans Drive Suite 592,2023-03-12T20:10:00+0200,Manufacturing,520.522.0872x4332,"https://www.poole,leeandjackson.com"
ACC-30,Simmons Inc,Hallchester,Switzerland,95101,Ohio,6215 Blackwell Park Suite 509,2021-04-01T16:18:00+0200,Finance,514.091.3229x4700,https://www.simmonsinc.com
ACC-31,"Peterson, Ballard and Leonard",South Alejandro,Equatorial Guinea,17606,Virginia,06291 Moody Trail,2023-08-12T00:17:00+0200,Technology,808992708,"https://www.peterson,ballardandleonard.com"
ACC-32,"Avila, Maldonado and Salinas",Robertmouth,Korea,77698,New Jersey,026 Jeffrey Roads Apt. 327,2024-06-04T04:41:00+0200,Consulting,240-979-1090x9778,"https://www.avila,maldonadoandsalinas.com"
ACC-33,Gates-Casey,Rebeccamouth,British Indian Ocean Territory (Chagos Archipelago),7716,Colorado,9060 Michelle Pike,2023-01-06T00:42:00+0200,Healthcare,4654181470,https://www.gates-casey.com
ACC-34,"Thomas, Burke and Orozco",Port Stephenshire,Bolivia,44515,Tennessee,236 Palmer Corner,2024-05-02T06:24:00+0200,Transportation,(311)327-8870x803,"https://www.thomas,burkeandorozco.com"
ACC-35,"Scott, Randall and Warren",West Calvinview,Venezuela,4708,New Mexico,0240 Holder Ports Suite 136,2020-02-10T13:09:00+0200,Real Estate,9869003615,"https://www.scott,randallandwarren.com"
ACC-36,Bruce Group,New Michaelburgh,New Zealand,33226,Wyoming,778 Matthew Trace Apt. 146,2022-10-05T09:58:00+0200,Technology,6571950494,https://www.brucegroup.com
ACC-37,Anderson and Sons,Petersonmouth,Netherlands Antilles,68976,Oklahoma,76450 Stacey Loaf,2024-03-02T05:03:00+0200,Consulting,+1-808-055-6612x655,https://www.andersonandsons.com
ACC-38,"Barr, Reynolds and Johnson",Garciamouth,Bolivia,62583,New Jersey,128 Travis Fort Suite 989,2023-07-08T09:17:00+0200,Healthcare,428.116.4199x7903,"https://www.barr,reynoldsandjohnson.com"
ACC-39,Thompson-Harris,South Sarah,Netherlands Antilles,26226,Nebraska,2869 Stafford Divide Suite 711,2024-07-05T13:56:00+0200,Retail,+1-767-329-5454x0602,https://www.thompson-harris.com
ACC-40,Vasquez-Allen,West Devin,Austria,62024,Arkansas,23909 Karla Dale,2022-07-10T12:40:00+0200,Technology,756528341,https://www.vasquez-allen.com
ACC-41,Wall-Flores,Jamesville,Iraq,33083,Colorado,4437 Amy Streets Apt. 567,2025-01-02T06:53:00+0200,Healthcare,001-442-117-4246x73811,https://www.wall-flores.com
ACC-42,Sherman-Brown,East Jessicafurt,Nauru,82905,Louisiana,61589 Dakota Cliff Apt. 783,2022-09-05T20:39:00+0200,Education,(596)957-6378x07231,https://www.sherman-brown.com
ACC-43,Kelley-Martin,Mezaport,Wallis and Futuna,51975,New York,299 Taylor Roads,2021-12-07T15:38:00+0200,Real Estate,001-853-300-9981x893,https://www.kelley-martin.com
ACC-44,Jones PLC,East Jenniferberg,Western Sahara,69313,Colorado,8075 Sanchez Passage,2020-07-06T01:02:00+0200,Finance,618-278-7447x0106,https://www.jonesplc.com
ACC-45,Mcgee-Wilkinson,Stacieton,Bouvet Island (Bouvetoya),77775,Montana,299 Stephen Crest Apt. 551,2021-08-08T11:28:00+0200,Real Estate,451.035.9038,https://www.mcgee-wilkinson.com
ACC-46,"Stephens, Gibson and Brooks",Victoriaville,Tuvalu,62922,Vermont,6452 Simmons Causeway Apt. 959,2023-05-06T18:27:00+0200,Finance,641.628.8598,"https://www.stephens,gibsonandbrooks.com"
ACC-47,Edwards PLC,Lake Gloria,Guadeloupe,22628,South Dakota,4670 Johnson Throughway,2024-01-11T07:27:00+0200,Hospitality,535-669-1803,https://www.edwardsplc.com
ACC-48,"Davis, Moore and Oconnor",North Patricia,United States Minor Outlying Islands,96045,North Carolina,054 Greer Gateway,2022-04-30T10:47:00+0200,Technology,049.510.2188x36582,"https://www.davis,mooreandoconnor.com"
ACC-49,Mitchell-Dean,New Alexisbury,India,44294,Arkansas,6003 Lisa Roads,2024-02-06T23:44:00+0200,Consulting,12-27-94,https://www.mitchell-dean.com
ACC-50,"Sutton, Peters and Williams",Lake Jennifer,Tokelau,18094,California,60602 Garcia Knolls,2020-11-04T01:43:00+0200,Transportation,(267)278-6671,"https://www.sutton,petersandwilliams.com"
ACC-51,Johnson Ltd,Karenfort,Slovakia (Slovak Republic),7083,Connecticut,2876 Williams Courts,2022-06-05T23:28:00+0200,Technology,096-178-3552x2697,https://www.johnsonltd.com
ACC-52,"Orr, Long and Washington",Millerport,Maldives,28614,Illinois,1591 Antonio Row,2021-11-04T15:00:00+0200,Transportation,(405)179-4826x3467,"https://www.orr,longandwashington.com"
ACC-53,Vazquez-Martinez,Rickyville,Colombia,16786,Rhode Island,49082 Steven Mills,2023-03-05T22:38:00+0200,Consulting,195-148-4643x981,https://www.vazquez-martinez.com
ACC-54,Morgan LLC,South Tabithaburgh,Dominica,44552,Montana,2911 Bautista Land Apt. 871,2023-10-06T03:33:00+0200,Finance,(314)360-4588x46829,https://www.morganllc.com
ACC-55,Roth and Sons,South Brandi,Cote d'Ivoire,60305,Nebraska,33634 Noble Highway Suite 238,2024-08-10T20:08:00+0200,Healthcare,001-130-240-0595x7093,https://www.rothandsons.com
ACC-56,Jenkins Inc,West Tracichester,Cuba,24702,Wisconsin,65748 Mills Crest,2022-10-09T15:47:00+0200,Technology,+1-313-536-9150x2077,https://www.jenkinsinc.com
ACC-57,"Glover, Williamson and Orozco",East Nancy,Northern Mariana Islands,85570,Florida,807 Johnson Bypass Apt. 016,2021-06-02T18:17:00+0200,Manufacturing,337.110.8012x897,"https://www.glover,williamsonandorozco.com"
ACC-58,"Scott, Mcmahon and Olson",Port Katherine,Moldova,8713,Oklahoma,791 Rodriguez Rapid,2025-01-07T13:36:00+0200,Finance,(777)294-1823,"https://www.scott,mcmahonandolson.com"
ACC-59,"Williams, Campbell and Brown",New Jonathanport,Bolivia,9069,Georgia,2888 Martin Mill Suite 559,2024-10-02T18:02:00+0200,Consulting,(678)729-3071,"https://www.williams,campbellandbrown.com"
ACC-60,Salas PLC,Christopherside,Sweden,74596,South Dakota,011 Moore Gateway Apt. 214,2021-12-05T08:26:00+0200,Hospitality,001-441-476-0320x846,https://www.salasplc.com
ACC-61,"Hall, Pearson and Vaughn",Carlystad,Kuwait,18968,Minnesota,6084 Jennifer Lakes Apt. 301,2024-01-02T00:04:00+0200,Retail,980.068.2020x83581,"https://www.hall,pearsonandvaughn.com"
ACC-62,Dominguez-Thomas,New Barbara,Comoros,99119,Texas,639 Rowe Prairie Apt. 959,2023-07-13T00:47:00+0200,Real Estate,218.467.9608,https://www.dominguez-thomas.com
ACC-63,Murphy-Martinez,East Jenniferton,Wallis and Futuna,37884,Alaska,384 Delgado Harbors Apt. 897,2024-12-05T23:32:00+0200,Consulting,(577)128-2555x583,https://www.murphy-martinez.com
ACC-64,Evans and Sons,Clarkeberg,Ukraine,14226,Hawaii,32846 Krueger Walk,2021-11-03T06:27:00+0200,Retail,001-531-411-3600x299,https://www.evansandsons.com
ACC-65,"Glover, Bishop and Oneill",East Emilyborough,Turkey,96626,Ohio,8349 Lynn Summit Apt. 578,2024-09-11T15:00:00+0200,Healthcare,522-697-4867,"https://www.glover,bishopandoneill.com"
ACC-66,"Mcdonald, Evans and Griffin",Aaronburgh,Canada,6665,Oklahoma,04103 David Grove Apt. 480,2024-04-05T08:48:00+0200,Healthcare,886.196.6231,"https://www.mcdonald,evansandgriffin.com"
ACC-67,"Wilson, Dalton and Thompson",Tabithaview,Tuvalu,90000,South Dakota,5737 Ronald Loop,2025-03-06T17:12:00+0200,Finance,462.394.4597,"https://www.wilson,daltonandthompson.com"
ACC-68,Mann-Jensen,Kathychester,Germany,82634,West Virginia,220 Weaver Spur,2022-05-09T01:12:00+0200,Manufacturing,(737)442-9272x837,https://www.mann-jensen.com
ACC-69,Noble Ltd,Michaeltown,Vietnam,4549,Wisconsin,1578 Daniel Inlet Apt. 381,2023-08-01T19:20:00+0200,Retail,001-218-882-1349x6184,https://www.nobleltd.com
ACC-70,"Miller, Hunter and Schultz",Wilsonton,Mayotte,91107,Delaware,182 Rowland Camp Apt. 063,2024-06-05T00:06:00+0200,Real Estate,001-655-562-2638x14793,"https://www.miller,hunterandschultz.com"
ACC-71,Cole-Pena,Burnsfurt,Andorra,12600,Vermont,02906 Case Drives,2022-01-11T23:10:00+0200,Consulting,8295611794,https://www.cole-pena.com
ACC-72,"Rowland, Smith and Chase",New Patrick,Turks and Caicos Islands,76698,Massachusetts,600 Moreno Rest,2020-03-09T07:36:00+0200,Manufacturing,740-830-9899,"https://www.rowland,smithandchase.com"
ACC-73,Smith and Sons,West Peterbury,Kenya,28828,Texas,31148 Fisher Mountains Apt. 677,2021-06-04T15:17:00+0200,Consulting,199-450-2690,https://www.smithandsons.com
ACC-74,"Cross, Fowler and Garcia",East Jeremy,Uzbekistan,61534,Georgia,16873 Beasley Row Suite 095,2020-03-04T19:41:00+0200,Real Estate,773.622.9134,"https://www.cross,fowlerandgarcia.com"
ACC-75,Nelson-Scott,Collierton,Guyana,95859,Virginia,050 Alison Fall,2020-12-12T11:21:00+0200,Hospitality,933.534.9466,https://www.nelson-scott.com
ACC-76,Walters Group,Carrollshire,Saint Lucia,98339,Wisconsin,490 Rios Camp Suite 312,2024-12-07T03:00:00+0200,Finance,(211)251-2322x14415,https://www.waltersgroup.com
ACC-77,"Davis, Pierce and Young",Brandonmouth,Maldives,798,Arizona,549 Brian Ridge Suite 487,2022-12-09T00:51:00+0200,Real Estate,342.529.3153,"https://www.davis,pierceandyoung.com"
ACC-78,"Taylor, Knox and Flores",Tammymouth,Guyana,17500,Alaska,457 Castillo Flat Suite 403,2023-09-07T15:15:00+0200,Consulting,111.372.3755,"https://www.taylor,knoxandflores.com"
ACC-79,Sparks LLC,Victorburgh,Denmark,90697,Colorado,646 Riley Key Suite 005,2023-06-01T23:46:00+0200,Healthcare,001-821-702-3847,https://www.sparksllc.com
ACC-80,"Davis, Acosta and Rogers",Rosebury,Iran,1044,Hawaii,0263 Werner Brook Apt. 443,2021-10-31T21:42:00+0200,Retail,+1-504-852-2950x3488,"https://www.davis,acostaandrogers.com"
ACC-81,Acosta Inc,Garcialand,French Southern Territories,61805,Maine,51636 Taylor Meadows,2021-03-10T13:23:00+0200,Healthcare,932.392.0365,https://www.acostainc.com
ACC-82,Owens-Sanchez,Kingstad,Brunei Darussalam,61919,New Jersey,9011 Martinez Turnpike,2022-02-10T21:45:00+0200,Transportation,910-585-6543x58962,https://www.owens-sanchez.com
ACC-83,"Doyle, Lee and Hutchinson",Tracychester,Benin,62384,Wisconsin,2719 Michelle Manor,2023-01-12T09:06:00+0200,Education,9597183301,"https://www.doyle,leeandhutchinson.com"
ACC-84,Ross-Reed,North Anaport,Hong Kong,75642,New York,217 Faith Stream Suite 219,2024-07-04T16:38:00+0200,Technology,(368)553-9400x97052,https://www.ross-reed.com
ACC-85,"Guerrero, Bond and Delgado",New Penny,Rwanda,98611,Nebraska,95102 Eric Lights,2020-08-04T05:17:00+0200,Finance,680.049.4559,"https://www.guerrero,bondanddelgado.com"
ACC-86,"Walters, Conner and Gonzalez",North Rebecca,Argentina,33640,Washington,78783 Miguel Ports,2025-01-07T19:20:00+0200,Transportation,(109)529-9688x0660,"https://www.walters,connerandgonzalez.com"
ACC-87,Smith-Peterson,North Sandramouth,Tonga,19814,Hawaii,97830 Taylor Crossroad Apt. 818,2023-05-10T13:18:00+0200,Transportation,+1-373-499-9937,https://www.smith-peterson.com
ACC-88,"Rodriguez, Wagner and Green",East Roberttown,Slovenia,5169,Missouri,02390 Johnson Spurs,2022-10-06T12:27:00+0200,Healthcare,3484887552,"https://www.rodriguez,wagnerandgreen.com"
ACC-89,"Grimes, Keller and Adams",North Robert,Netherlands Antilles,11937,South Carolina,26091 Martinez Mountain Apt. 374,2022-04-06T06:58:00+0200,Manufacturing,001-684-012-4810x3727,"https://www.grimes,kellerandadams.com"
ACC-90,Price PLC,Baileyton,Djibouti,50529,Virginia,3827 Blake Field Suite 093,2024-08-07T18:06:00+0200,Manufacturing,388-256-8173x88020,https://www.priceplc.com
ACC-91,"Robinson, Morgan and Campos",Wardland,French Southern Territories,52900,Indiana,684 Philip Oval Apt. 218,2022-05-02T19:47:00+0200,Consulting,1534320017,"https://www.robinson,morganandcampos.com"
ACC-92,Sawyer Inc,North Latoyachester,French Southern Territories,92685,Wisconsin,46136 Ryan Bridge Suite 531,2023-06-05T03:08:00+0200,Consulting,757.855.8265x06316,https://www.sawyerinc.com
ACC-93,Gray-Gordon,Davischester,Algeria,62415,North Carolina,89314 Maria Rapids,2024-03-31T18:11:00+0200,Consulting,001-289-890-3156x336,https://www.gray-gordon.com
ACC-94,"Scott, Kirby and Taylor",Scottmouth,Panama,24932,Florida,3388 Gerald Inlet,2025-01-01T10:36:00+0200,Finance,(824)280-2546x419,"https://www.scott,kirbyandtaylor.com"
ACC-95,Brown LLC,Mariaberg,Gambia,41699,Florida,95880 Schultz Isle,2024-02-09T00:24:00+0200,Hospitality,(838)740-6701x1985,https://www.brownllc.com
ACC-96,Gardner-Johnson,Lake Teresa,Brazil,29841,California,365 Glover Village,2022-01-06T16:38:00+0200,Transportation,15196538,https://www.gardner-johnson.com
ACC-97,Ward-Sanchez,Jessicaburgh,Benin,97438,Washington,596 Woods Turnpike Suite 148,2020-02-10T17:17:00+0200,Transportation,281-380-5841,https://www.ward-sanchez.com
ACC-98,Marsh-Johnson,Anachester,Singapore,29055,Idaho,3714 Ward Dam Apt. 998,2022-09-08T09:00:00+0200,Retail,+1-016-635-7065,https://www.marsh-johnson.com
ACC-99,Young and Sons,Lake Joshuamouth,Lesotho,13065,Wyoming,291 Morrison Center,2021-07-05T02:21:00+0200,Finance,1585315371,https://www.youngandsons.com
ACC-100,Walker-Waters,South Linda,New Zealand,79593,Montana,46693 Parrish Throughway Suite 536,2021-09-03T14:17:00+0200,Finance,079-277-0667x603,https://www.walker-waters.com
ACC-101,Smith Ltd,North Cynthiafurt,United States Minor Outlying Islands,80460,New York,515 Melissa Harbors Apt. 262,2020-12-04T03:36:00+0200,Healthcare,001-082-801-8260x712,https://www.smithltd.com
ACC-102,Bradford Ltd,Nicholasport,Brazil,68599,Maine,3302 Judith Trail Suite 092,2022-11-04T13:34:00+0200,Transportation,5265139023,https://www.bradfordltd.com
ACC-103,"Whitehead, Jones and Marshall",North Vanessamouth,Nigeria,28864,Missouri,2993 John Orchard,2022-10-05T18:06:00+0200,Transportation,088.481.6666,"https://www.whitehead,jonesandmarshall.com"
ACC-104,"White, Weaver and Walker",Blackberg,Russian Federation,53686,Texas,928 Rivera Lodge,2024-04-07T00:33:00+0200,Hospitality,12-16-91,"https://www.white,weaverandwalker.com"
ACC-105,Patrick and Sons,Lawrenceburgh,Djibouti,26068,Iowa,100 Ross Loop Suite 788,2024-04-05T12:17:00+0200,Hospitality,(377)456-4632x249,https://www.patrickandsons.com
ACC-106,"Harrison, Lopez and Gonzales",Jeanhaven,Greenland,59154,Nevada,6292 Joshua Circle Suite 065,2022-09-08T08:28:00+0200,Education,256-275-4390x40728,"https://www.harrison,lopezandgonzales.com"
ACC-107,"Hill, Robbins and Ramirez",East Mistymouth,Guadeloupe,87857,Ohio,1841 Kyle Centers,2021-03-08T00:13:00+0200,Hospitality,001-648-045-2750x385,"https://www.hill,robbinsandramirez.com"
ACC-108,Kane LLC,East Kenneth,Micronesia,63289,Minnesota,1630 Romero Forges,2024-03-12T03:15:00+0200,Manufacturing,627-247-1852,https://www.kanellc.com
ACC-109,Weaver LLC,Port Stephanieberg,Cuba,22142,Massachusetts,4375 Rachel Walk Apt. 215,2021-05-01T19:14:00+0200,Transportation,749-665-5551x8931,https://www.weaverllc.com
ACC-110,Fuller-Eaton,Foleyborough,Czech Republic,33436,Michigan,585 Lucas Streets Suite 556,2020-05-04T12:42:00+0200,Transportation,+1-448-646-0381,https://www.fuller-eaton.com
ACC-111,"Davis, Martinez and Wiggins",North Taylorchester,Saint Martin,86559,Alabama,892 Paige Crossing Suite 420,2021-03-02T05:37:00+0200,Healthcare,(866)476-0994x0783,"https://www.davis,martinezandwiggins.com"
ACC-112,Swanson-Acosta,Gonzalezchester,Nicaragua,64247,Florida,39912 Amanda Stream,2024-08-11T20:28:00+0200,Healthcare,(065)022-1246x8144,https://www.swanson-acosta.com
ACC-113,"Phillips, Holden and Jackson",West Sharon,Gibraltar,64273,Rhode Island,69813 Duane Burgs,2021-07-06T19:43:00+0200,Retail,+1-715-653-9173,"https://www.phillips,holdenandjackson.com"
ACC-114,"Robbins, Simpson and Smith",Lake Jennifershire,United States of America,9070,New Mexico,6830 Williams Inlet,2024-03-11T18:11:00+0200,Transportation,4423243866,"https://www.robbins,simpsonandsmith.com"
ACC-115,"Maynard, Rivera and Williams",East Stevenberg,Comoros,23249,Ohio,3915 Martin Trace,2023-09-06T05:03:00+0200,Real Estate,250-355-0388x430,"https://www.maynard,riveraandwilliams.com"
ACC-116,Moore PLC,West Julie,Philippines,88090,North Carolina,44268 Marcus Cove Suite 727,2022-09-02T10:43:00+0200,Education,+1-954-624-2599x8596,https://www.mooreplc.com
ACC-117,"Spencer, Harris and Oliver",Timothyport,Georgia,52238,Nevada,7606 Howard Flats,2023-11-03T11:12:00+0200,Education,457-540-2152x546,"https://www.spencer,harrisandoliver.com"
ACC-118,Conner Ltd,Port Bobbyburgh,Turkmenistan,26956,North Dakota,03198 Brian Motorway,2021-03-03T15:49:00+0200,Retail,+1-132-805-5940,https://www.connerltd.com
ACC-119,Franco-Estrada,East Emily,Egypt,69648,New Mexico,607 Thomas Ridges Apt. 357,2021-10-10T18:11:00+0200,Retail,101.368.5213x698,https://www.franco-estrada.com
ACC-120,"Davis, Scott and Cherry",Johnsonbury,Saint Helena,55279,North Carolina,27940 John Mount,2022-01-04T09:53:00+0200,Technology,001-063-733-6373x65880,"https://www.davis,scottandcherry.com"
ACC-121,Davis Ltd,Elizabethfurt,Thailand,66416,South Carolina,23092 Simon Crossroad,2023-11-05T22:14:00+0200,Transportation,(606)937-0605,https://www.davisltd.com
ACC-122,Yang PLC,Lake Stephanieton,Thailand,68883,Arkansas,42591 Olsen Park,2023-10-06T18:42:00+0200,Manufacturing,638-855-7144,https://www.yangplc.com
ACC-123,"Roberts, Smith and Frazier",Port Cynthiastad,Puerto Rico,92748,Alabama,475 Taylor Points,2022-03-05T00:29:00+0200,Hospitality,+1-989-495-3322x09401,"https://www.roberts,smithandfrazier.com"
ACC-124,Gomez PLC,Janiceport,Belarus,3607,Pennsylvania,534 Andrews Lane,2025-03-05T14:51:00+0200,Manufacturing,710.688.1364,https://www.gomezplc.com
ACC-125,"Fernandez, Webb and Gomez",South Justin,Guernsey,28682,Pennsylvania,13201 Kimberly Forges Apt. 579,2025-01-11T08:03:00+0200,Manufacturing,992.080.9067,"https://www.fernandez,webbandgomez.com"
ACC-126,Wilson Ltd,Edgarchester,Tuvalu,51754,New Jersey,728 Belinda Overpass Suite 140,2025-03-07T04:52:00+0200,Technology,(268)412-6546,https://www.wilsonltd.com
ACC-127,Elliott-Peterson,North Russellmouth,Sao Tome and Principe,17426,Pennsylvania,765 Gomez Drives Apt. 111,2020-09-06T17:23:00+0200,Retail,843.291.1561x329,https://www.elliott-peterson.com
ACC-128,Mcguire-Davidson,Frankshire,Andorra,63659,Alaska,27871 Yang Way Suite 284,2022-03-10T01:20:00+0200,Real Estate,344.837.6293,https://www.mcguire-davidson.com
ACC-129,"Roberts, Serrano and Flores",Cynthiaside,Luxembourg,35565,Illinois,1415 Stephen Keys Apt. 955,2023-06-08T19:09:00+0200,Manufacturing,5960157271,"https://www.roberts,serranoandflores.com"
ACC-130,"Moore, Rosario and Weber",West Adamport,British Virgin Islands,29056,Washington,26914 Sarah Estate Suite 644,2022-10-01T12:11:00+0200,Transportation,2379422805,"https://www.moore,rosarioandweber.com"
ACC-131,"Wilson, Jackson and Davis",East Davidland,Madagascar,97223,California,9724 Oneal Lake Apt. 433,2022-08-07T13:12:00+0200,Healthcare,+1-340-057-4176,"https://www.wilson,jacksonanddavis.com"
ACC-132,Conley-Hernandez,Richardton,Cameroon,37199,Utah,96987 Carlson Turnpike,2020-10-03T18:42:00+0200,Technology,565-822-8048x062,https://www.conley-hernandez.com
ACC-133,Wright-Wheeler,Lake Jessicahaven,Greenland,13938,Louisiana,231 Davis Knolls Suite 108,2021-08-08T02:10:00+0200,Real Estate,+1-848-390-3350x2529,https://www.wright-wheeler.com
ACC-134,Hawkins-Martinez,Ashleyview,Gabon,61579,Louisiana,68074 Jennifer Pass Apt. 553,2020-12-09T03:49:00+0200,Real Estate,664.298.2499x7844,https://www.hawkins-martinez.com
ACC-135,Andrade Group,Brownfurt,Wallis and Futuna,40219,Connecticut,7808 Ramirez Row,2021-05-05T04:11:00+0200,Transportation,309-484-7440x064,https://www.andradegroup.com
ACC-136,"Rogers, Randolph and Dixon",West Meganchester,Uruguay,12422,Delaware,658 Erica Crossing,2022-05-31T23:32:00+0200,Manufacturing,001-085-885-4648x53732,"https://www.rogers,randolphanddixon.com"
ACC-137,"Barber, Bailey and Fitzgerald",East Deborah,Taiwan,95019,Tennessee,352 Jonathan Way Suite 456,2022-07-02T01:57:00+0200,Technology,514.876.7286,"https://www.barber,baileyandfitzgerald.com"
ACC-138,Simpson Inc,East Stacy,Macao,798,Mississippi,4411 Fry Crest,2024-12-02T05:05:00+0200,Real Estate,+1-793-886-9875x9886,https://www.simpsoninc.com
ACC-139,"White, Webster and Ray",Angelamouth,Eritrea,50009,Oregon,46842 Paul Overpass Apt. 292,2023-07-05T13:32:00+0200,Transportation,001-707-277-2466x18204,"https://www.white,websterandray.com"
ACC-140,Brown-Sherman,Candiceland,Norfolk Island,48817,New Hampshire,251 Schwartz Lock Suite 631,2024-11-02T18:08:00+0200,Real Estate,+1-680-113-2057x9444,https://www.brown-sherman.com
ACC-141,Smith PLC,East Adamchester,American Samoa,19981,Nevada,9399 Swanson Trail,2023-12-10T11:17:00+0200,Manufacturing,3287444605,https://www.smithplc.com
ACC-142,Davis-Page,West Steven,Jordan,15931,Alaska,45897 Thompson Extensions Apt. 724,2023-04-12T14:59:00+0200,Real Estate,+1-108-661-2552x3680,https://www.davis-page.com
ACC-143,Casey-Walls,Nicolehaven,Mongolia,91788,Illinois,2379 Bennett Skyway,2025-02-11T03:20:00+0200,Healthcare,(298)004-0271x1822,https://www.casey-walls.com
ACC-144,Mckinney-Ryan,South Teresa,Guyana,95393,Pennsylvania,7891 Catherine Meadow Suite 441,2023-11-10T21:44:00+0200,Transportation,(396)448-6185x92042,https://www.mckinney-ryan.com
ACC-145,Smith LLC,Jenniferberg,Macedonia,22206,Oregon,1426 Michael Shoals Suite 444,2025-03-02T07:47:00+0200,Finance,699.453.7204x00271,https://www.smithllc.com
ACC-146,"Perkins, Gamble and Bell",Gordonborough,Bahrain,81043,Virginia,328 Courtney Creek,2025-03-10T04:54:00+0200,Education,(649)283-3008x2993,"https://www.perkins,gambleandbell.com"
ACC-147,"Aguilar, Martin and Barrett",North Amanda,Cyprus,20614,Connecticut,923 James Walk Apt. 420,2023-05-02T20:44:00+0200,Retail,099.717.1374x8240,"https://www.aguilar,martinandbarrett.com"
ACC-148,"Williams, Moore and Smith",Brendastad,Panama,12025,Georgia,091 Roberts Road,2024-10-01T03:08:00+0200,Education,(416)425-3354x89841,"https://www.williams,mooreandsmith.com"
ACC-149,Powell Inc,Pattersonborough,Cape Verde,15154,Delaware,76863 Katherine Shores,2021-03-03T12:53:00+0200,Hospitality,801.482.2278x56209,https://www.powellinc.com
ACC-150,"Golden, Jones and Vargas",North Andrew,Gambia,46038,South Dakota,7414 Carrie Orchard Apt. 168,2025-02-04T09:20:00+0200,Consulting,021.591.6737x39969,"https://www.golden,jonesandvargas.com"
ACC-151,"Burke, Anderson and Best",Walshville,Sierra Leone,38322,Nevada,35520 Jason Knoll Apt. 803,2022-02-10T17:55:00+0200,Retail,150.918.1961x3784,"https://www.burke,andersonandbest.com"
ACC-152,"Hutchinson, Rowe and Duke",Gardnerview,Lebanon,99224,Arizona,0549 Brady Green,2020-09-10T12:08:00+0200,Finance,001-687-276-4001x3727,"https://www.hutchinson,roweandduke.com"
ACC-153,Mcintyre Group,Robertton,Fiji,39035,South Carolina,1841 Harper Track,2020-03-06T13:23:00+0200,Manufacturing,001-899-202-0003x10495,https://www.mcintyregroup.com
ACC-154,Reed-Coleman,Kimberlymouth,Japan,2405,Hawaii,8820 Sarah Well,2024-07-03T19:54:00+0200,Technology,(309)438-7979x681,https://www.reed-coleman.com
ACC-155,Mayo-Brown,East Lindabury,Central African Republic,66645,Indiana,3813 Douglas Shoals,2023-05-05T21:49:00+0200,Education,+1-766-078-3176,https://www.mayo-brown.com
ACC-156,"Brown, Watson and Savage",Floresberg,New Caledonia,30851,North Dakota,35504 Harris Plaza Suite 957,2022-09-11T03:22:00+0200,Consulting,+1-444-812-6382x738,"https://www.brown,watsonandsavage.com"
ACC-157,Gonzalez-Spencer,Rodrigueztown,Sweden,45774,Nebraska,9408 Taylor Port Apt. 900,2020-02-29T00:22:00+0200,Consulting,659-096-6805,https://www.gonzalez-spencer.com
ACC-158,Zimmerman-Griffin,Maloneside,Comoros,72476,California,783 Joshua Street Apt. 875,2021-03-01T15:40:00+0200,Education,+1-176-123-2872x12742,https://www.zimmerman-griffin.com
ACC-159,Rose-Orozco,Wilkersonville,Saint Lucia,60037,Missouri,9232 Jones Mill,2022-06-11T12:13:00+0200,Hospitality,+1-856-147-9142x417,https://www.rose-orozco.com
ACC-160,Alvarez-Brady,Lake Desiree,Bouvet Island (Bouvetoya),42302,Vermont,0004 Martin Shore Apt. 533,2020-03-31T13:21:00+0200,Finance,+1-530-391-1200x7266,https://www.alvarez-brady.com
ACC-161,"Rios, Hoover and Ross",Brianmouth,Vanuatu,67079,Missouri,902 White Plain,2020-12-02T12:47:00+0200,Education,001-821-174-3259x565,"https://www.rios,hooverandross.com"
ACC-162,Beltran Inc,South Laura,Belize,96668,Colorado,984 Julie Viaduct,2023-11-11T19:32:00+0200,Technology,001-231-975-7680x88912,https://www.beltraninc.com
ACC-163,Robles and Sons,Jasonmouth,Nepal,3716,South Carolina,066 Natalie Orchard,2022-03-02T08:03:00+0200,Healthcare,357-606-3909,https://www.roblesandsons.com
ACC-164,Hart Group,Thompsonport,Syrian Arab Republic,99548,Montana,57206 Odom Port,2022-10-08T15:53:00+0200,Transportation,001-468-381-4786,https://www.hartgroup.com
ACC-165,Martin and Sons,Port Cliffordburgh,Cape Verde,52705,New Hampshire,2833 Charles Creek Suite 896,2024-01-06T09:00:00+0200,Consulting,+1-564-638-3245x3099,https://www.martinandsons.com
ACC-166,Roberts-Patterson,North Richardbury,British Virgin Islands,55248,New Hampshire,2216 Kristi Cove Apt. 277,2024-01-12T18:06:00+0200,Retail,813.196.0891x26253,https://www.roberts-patterson.com
ACC-167,Johnson-Stanley,Shelbystad,Djibouti,9351,New Jersey,7272 Nancy Ports,2022-09-10T23:10:00+0200,Manufacturing,(626)519-3874x03234,https://www.johnson-stanley.com
ACC-168,Oconnor-Wiley,Michaelton,Madagascar,41001,New York,855 Jennifer Plains Suite 421,2023-11-02T19:00:00+0200,Retail,665-988-0333x271,https://www.oconnor-wiley.com
ACC-169,Davila Inc,Jenkinsmouth,Romania,79887,Virginia,5380 Stevens Mill Suite 075,2022-08-05T15:27:00+0200,Real Estate,(638)291-0289,https://www.davilainc.com
ACC-170,"Reyes, Dennis and Calderon",Roberthaven,Latvia,47540,North Carolina,0922 Brown Centers Suite 224,2020-06-10T22:38:00+0200,Retail,202562578,"https://www.reyes,dennisandcalderon.com"
ACC-171,Mckenzie Inc,Port Amybury,Trinidad and Tobago,66317,Delaware,47680 Beltran Alley Apt. 944,2020-05-08T00:49:00+0200,Hospitality,+1-800-067-9720x795,https://www.mckenzieinc.com
ACC-172,"Lynch, Mann and Schmidt",South Arthur,Palau,55248,Pennsylvania,183 Berry Expressway Apt. 560,2024-07-01T22:50:00+0200,Healthcare,6593646640,"https://www.lynch,mannandschmidt.com"
ACC-173,Evans Inc,Davisview,Cote d'Ivoire,12565,Alabama,05846 Michael Branch Suite 292,2023-10-10T12:49:00+0200,Retail,001-306-204-5301x081,https://www.evansinc.com
ACC-174,Anderson-Huff,West Marissastad,French Guiana,57931,Nebraska,006 Michael Creek Suite 171,2024-12-08T09:22:00+0200,Healthcare,+1-816-551-1000x5391,https://www.anderson-huff.com
ACC-175,Noble-Vaughn,South Nicholas,Barbados,18148,Michigan,092 Elizabeth Unions,2022-12-03T07:12:00+0200,Consulting,490.892.8609,https://www.noble-vaughn.com
ACC-176,"Young, Rice and Robles",Swansonbury,Greenland,33283,Georgia,905 Jessica Extension,2020-08-05T13:54:00+0200,Education,001-583-682-9123x299,"https://www.young,riceandrobles.com"
ACC-177,Herrera-Lucas,Christinashire,Tokelau,71554,New York,05785 Shaw Villages,2023-08-06T15:51:00+0200,Transportation,001-395-641-9579,https://www.herrera-lucas.com
ACC-178,Brown-Hanson,North Chelseatown,Iran,52752,Minnesota,58226 Rush Harbor,2024-04-11T21:08:00+0200,Hospitality,+1-086-301-0239x826,https://www.brown-hanson.com
ACC-179,Walker and Sons,Amybury,Vanuatu,95556,Pennsylvania,69176 Michael Trail,2022-02-04T09:40:00+0200,Retail,+1-985-037-6664x48219,https://www.walkerandsons.com
ACC-180,"Price, Rivera and Allen",East Shaunhaven,Burkina Faso,44362,North Dakota,09296 Jones Forge Suite 666,2025-03-07T09:17:00+0200,Manufacturing,8011792384,"https://www.price,riveraandallen.com"
ACC-181,Callahan Inc,South Johnfurt,Turks and Caicos Islands,86810,South Dakota,7889 Adam Light Suite 442,2023-05-07T15:44:00+0200,Transportation,525.197.2330x0171,https://www.callahaninc.com
ACC-182,"Smith, Keith and White",Jasontown,Faroe Islands,49049,Kansas,615 Weber Glens Apt. 628,2022-04-07T02:30:00+0200,Transportation,001-329-489-5299x097,"https://www.smith,keithandwhite.com"
ACC-183,Wolf-Armstrong,Chelseashire,Mauritius,31729,South Dakota,6401 Joshua Forks Suite 852,2020-02-05T05:48:00+0200,Finance,366.294.1724x7578,https://www.wolf-armstrong.com
ACC-184,"Mann, Christian and Baker",Rubenville,Bulgaria,77398,Washington,14623 Brianna Pine,2023-10-07T14:32:00+0200,Hospitality,(471)124-1491,"https://www.mann,christianandbaker.com"
ACC-185,Campbell-Brown,East Jenniferhaven,Italy,72715,Georgia,4169 Johnny Underpass,2024-01-02T17:17:00+0200,Manufacturing,+1-126-966-9535x34265,https://www.campbell-brown.com
ACC-186,Newman and Sons,North Hannah,Dominica,31378,Kansas,681 Scott Inlet,2024-05-01T04:32:00+0200,Real Estate,170-318-8319x1854,https://www.newmanandsons.com
ACC-187,Allen Ltd,Port Kevinfurt,Bahamas,48815,New Jersey,07590 Larry Curve Apt. 104,2020-01-03T03:56:00+0200,Healthcare,001-797-147-1171,https://www.allenltd.com
ACC-188,Pittman-Stone,North Michaelberg,Tajikistan,9624,Mississippi,523 Jon Curve Suite 220,2023-11-09T07:20:00+0200,Finance,943-197-9768x88223,https://www.pittman-stone.com
ACC-189,Chavez-Perez,East Johnfort,Anguilla,68451,Missouri,78447 Farmer Coves,2023-05-07T19:14:00+0200,Retail,+1-258-422-8011x7066,https://www.chavez-perez.com
ACC-190,Mcintyre and Sons,South Andrew,Bhutan,27557,Massachusetts,142 Michael Crossroad,2022-08-31T17:21:00+0200,Healthcare,9918075630,https://www.mcintyreandsons.com
ACC-191,Garner LLC,South Alexis,Anguilla,15910,South Dakota,342 Jamie Bypass Apt. 584,2024-07-02T00:53:00+0200,Technology,001-731-689-9362x708,https://www.garnerllc.com
ACC-192,Patel-Ortiz,Romanland,Vietnam,95786,Kentucky,98602 Jenna Isle,2024-05-04T11:32:00+0200,Healthcare,9857347464,https://www.patel-ortiz.com
ACC-193,Boone and Sons,East Laura,Oman,70571,Connecticut,685 Richard Hill Apt. 921,2024-12-09T16:16:00+0200,Education,+1-195-365-9479x435,https://www.booneandsons.com
ACC-194,Hickman-Myers,Lake Lucas,Palau,27496,Oregon,0988 Bush Circles,2020-05-04T11:55:00+0200,Retail,001-640-602-5137x081,https://www.hickman-myers.com
ACC-195,"Brown, Harper and Mitchell",West Thomasbury,United States Minor Outlying Islands,43294,Maine,1449 Kerri River,2023-07-02T06:38:00+0200,Education,2312993566,"https://www.brown,harperandmitchell.com"
ACC-196,"Jackson, Harper and Conley",New Lisaton,Trinidad and Tobago,30651,California,3363 Byrd Wells Apt. 322,2024-05-06T13:36:00+0200,Hospitality,650.945.4027x4235,"https://www.jackson,harperandconley.com"
ACC-197,"Riley, Johnson and Brooks",East Edwardmouth,Canada,88822,California,82049 Joseph Trafficway Apt. 406,2024-08-05T05:14:00+0200,Manufacturing,+1-595-141-2154x073,"https://www.riley,johnsonandbrooks.com"
ACC-198,"Brooks, Jimenez and Rhodes",Berryfort,Northern Mariana Islands,12952,Nevada,46840 Wilson Trafficway Suite 093,2023-06-30T23:51:00+0200,Hospitality,(687)260-0539,"https://www.brooks,jimenezandrhodes.com"
ACC-199,Reynolds LLC,South Henry,Isle of Man,72756,Florida,17168 Sanders Well,2021-06-10T01:57:00+0200,Healthcare,+1-119-869-5952,https://www.reynoldsllc.com
ACC-200,Richardson Ltd,North Leslieview,Congo,8840,Colorado,737 Brown Drive,2020-11-03T00:20:00+0200,Hospitality,+1-082-328-7957,https://www.richardsonltd.com
ACC-201,Guerrero LLC,Lake David,Vietnam,87875,Wyoming,2096 Lisa Trail,2021-12-06T07:07:00+0200,Technology,001-023-987-6974x332,https://www.guerrerollc.com
ACC-202,Burke LLC,Thompsonshire,New Caledonia,65848,Arkansas,859 Meghan Lodge Apt. 597,2021-01-10T06:04:00+0200,Consulting,(027)471-3560x47634,https://www.burkellc.com
ACC-203,Lewis-Dillon,Tracybury,Slovakia (Slovak Republic),80312,Maine,260 Michelle Drives Suite 935,2022-01-31T11:03:00+0200,Healthcare,(731)644-0266x133,https://www.lewis-dillon.com
ACC-204,"Jenkins, Morgan and Potts",Youngtown,Mozambique,33002,Delaware,9684 Kristopher Track,2020-02-07T16:12:00+0200,Hospitality,+1-745-778-7392,"https://www.jenkins,morganandpotts.com"
ACC-205,Day-Bass,Suttonton,Macedonia,56019,Texas,6295 Moreno Crest Apt. 241,2022-09-05T01:36:00+0200,Hospitality,001-914-471-9128x59740,https://www.day-bass.com
ACC-206,Smith Ltd,Lesliebury,Belize,56564,Washington,09567 Andrew River,2023-05-10T05:48:00+0200,Consulting,001-131-141-0622x1072,https://www.smithltd.com
ACC-207,Hamilton Inc,Julieland,Macao,70534,Kansas,526 Robert Islands,2024-12-10T04:54:00+0200,Education,482-236-0897x766,https://www.hamiltoninc.com
ACC-208,"Reyes, Smith and Roberts",South Margaret,Saint Pierre and Miquelon,32948,California,6958 Kristine Pines,2023-12-02T20:28:00+0200,Real Estate,9794867264,"https://www.reyes,smithandroberts.com"
ACC-209,"Turner, Cook and Smith",Brandonland,Palestinian Territory,50861,Delaware,593 Bell Burgs Suite 662,2023-06-09T08:15:00+0200,Technology,294-504-5774,"https://www.turner,cookandsmith.com"
ACC-210,"Bernard, Griffith and Barnett",Michaelhaven,Cyprus,94063,Utah,6182 Adam Motorway,2021-12-10T03:53:00+0200,Hospitality,928-047-9940,"https://www.bernard,griffithandbarnett.com"
ACC-211,"Haney, Foster and Marshall",North Angela,Oman,51070,New York,1367 Julia Road Apt. 446,2020-03-03T09:36:00+0200,Retail,6069182257,"https://www.haney,fosterandmarshall.com"
ACC-212,"Kramer, Chavez and Martin",East Julie,Korea,64361,Arkansas,68559 Coleman Cliff Suite 860,2024-07-31T18:33:00+0200,Healthcare,001-187-717-0844x52737,"https://www.kramer,chavezandmartin.com"
ACC-213,Ramirez and Sons,Mollyborough,Saint Helena,7082,Rhode Island,34760 Jimenez Point,2021-04-10T22:07:00+0200,Consulting,651-625-5718x61963,https://www.ramirezandsons.com
ACC-214,"Moore, Garcia and King",West Cherylbury,Zimbabwe,98937,New Mexico,645 Carey Mountain Suite 792,2024-02-04T09:49:00+0200,Education,7781845792,"https://www.moore,garciaandking.com"
ACC-215,"Kidd, Curry and Greene",Cassandraburgh,Hungary,92122,Maine,2457 Lauren Shoals Suite 562,2022-06-10T09:06:00+0200,Finance,+1-965-721-4727x004,"https://www.kidd,curryandgreene.com"
ACC-216,Ingram-Ferguson,Jamesfort,Brazil,44602,New Mexico,6321 Ford Islands,2020-02-03T18:24:00+0200,Manufacturing,710-040-2234x3896,https://www.ingram-ferguson.com
ACC-217,Vazquez LLC,Pamelahaven,Peru,27261,North Dakota,4725 Wilson Fields Suite 101,2023-01-04T12:11:00+0200,Consulting,1652582502,https://www.vazquezllc.com
ACC-218,"Lopez, Livingston and Carlson",Powerschester,India,6066,Connecticut,148 Kim Mountain Apt. 531,2020-02-06T12:56:00+0200,Real Estate,763.190.5852x1079,"https://www.lopez,livingstonandcarlson.com"
ACC-219,Smith-Hall,Jillbury,United Arab Emirates,55059,Missouri,160 Hodges Burgs Apt. 151,2024-05-03T19:47:00+0200,Education,454-460-9412,https://www.smith-hall.com
ACC-220,"Robles, Smith and Allen",East Richardtown,Cameroon,78020,Utah,9173 Brian Circles Suite 738,2022-03-09T11:26:00+0200,Finance,001-042-687-5821x325,"https://www.robles,smithandallen.com"
ACC-221,Wood PLC,Tonyville,Tanzania,92925,Wisconsin,98425 Chandler Junction,2020-10-08T19:45:00+0200,Real Estate,(508)527-8869,https://www.woodplc.com
ACC-222,Harding and Sons,Erictown,Russian Federation,38234,Louisiana,987 Stafford Haven Apt. 979,2024-04-02T23:32:00+0200,Healthcare,+1-800-852-0926x15395,https://www.hardingandsons.com
ACC-223,Smith-Tran,Weberhaven,United States of America,61911,North Carolina,6882 Casey Manor Apt. 396,2020-08-08T21:53:00+0200,Retail,860.207.2839,https://www.smith-tran.com
ACC-224,Collins LLC,East Cynthia,Finland,33835,Vermont,69370 Denise Oval,2020-01-08T18:24:00+0200,Manufacturing,(896)459-1359x6848,https://www.collinsllc.com
ACC-225,"Pham, Dennis and Parrish",Delgadoport,Cayman Islands,34337,New Mexico,35004 Faulkner Gateway,2021-07-08T21:17:00+0200,Manufacturing,5781880689,"https://www.pham,dennisandparrish.com"
ACC-226,"Hernandez, Powell and Anderson",West David,Finland,43787,Wisconsin,11292 Thompson Shoals Apt. 155,2022-08-03T03:49:00+0200,Real Estate,777.190.2135x78458,"https://www.hernandez,powellandanderson.com"
ACC-227,"Mendoza, Bennett and Downs",South Janetton,Uzbekistan,63072,Indiana,86260 Lopez Cliffs Apt. 468,2022-09-30T22:45:00+0200,Technology,638-901-5787,"https://www.mendoza,bennettanddowns.com"
ACC-228,Weaver-Robinson,Port Timothyshire,Mongolia,29382,Georgia,285 Derrick River,2023-07-08T03:42:00+0200,Transportation,604.187.5066x89561,https://www.weaver-robinson.com
ACC-229,"Carter, Brown and Wallace",Parkerborough,Benin,9885,Florida,474 Christine Extensions Apt. 451,2023-02-28T16:50:00+0200,Retail,451-081-5797x18182,"https://www.carter,brownandwallace.com"
ACC-230,Jarvis-Meyer,Frenchborough,Nepal,63275,North Dakota,7692 Matthew Alley,2024-04-01T07:27:00+0200,Education,010-855-8652x569,https://www.jarvis-meyer.com
ACC-231,Moore LLC,Lake Michelle,Benin,49593,South Carolina,089 Williams Landing,2021-01-09T04:02:00+0200,Transportation,(670)029-4317,https://www.moorellc.com
ACC-232,Moore Group,Deckerberg,Canada,65903,Minnesota,77246 Morgan Harbors Apt. 791,2024-10-09T23:19:00+0200,Consulting,988-114-5791x677,https://www.mooregroup.com
ACC-233,Mitchell Group,West Raymondbury,Netherlands,4294,Maine,87325 Chang Isle Apt. 531,2023-06-10T05:12:00+0200,Hospitality,(683)364-4807,https://www.mitchellgroup.com
ACC-234,Jones-Hodge,Port Robertbury,British Indian Ocean Territory (Chagos Archipelago),49793,Georgia,91100 Conrad Flats,2020-05-09T12:45:00+0200,Healthcare,662.544.1697,https://www.jones-hodge.com
ACC-235,"Ellis, Harmon and Cox",Williamburgh,Holy See (Vatican City State),31438,Maryland,638 Michael Lodge Suite 296,2022-06-04T13:20:00+0200,Technology,001-750-067-9131x315,"https://www.ellis,harmonandcox.com"
ACC-236,Bishop and Sons,East Catherineport,United States Virgin Islands,73181,Texas,471 Sullivan View,2022-03-01T17:50:00+0200,Education,(030)534-7993x55028,https://www.bishopandsons.com
ACC-237,Young-Hall,Matthewberg,Bahrain,73158,Alaska,5033 Moore Square Suite 688,2022-11-08T08:15:00+0200,Finance,+1-131-541-3179x4389,https://www.young-hall.com
ACC-238,Morrow-Booker,Nguyenton,Sudan,28624,Mississippi,37078 Miller Locks Suite 541,2023-06-30T13:52:00+0200,Consulting,961.159.0187x813,https://www.morrow-booker.com
ACC-239,Williams-Johnson,Rushton,Hungary,8406,North Dakota,6102 Thomas Courts Suite 941,2020-01-01T19:47:00+0200,Finance,971.391.9330,https://www.williams-johnson.com
ACC-240,Boyd Group,Walkerville,San Marino,6800,North Carolina,1385 Julie Way Apt. 597,2022-01-08T02:48:00+0200,Technology,968-643-7721,https://www.boydgroup.com
ACC-241,Campbell Inc,East Jenna,Liberia,67751,Montana,662 Bobby Drive,2023-10-03T10:56:00+0200,Hospitality,8933002402,https://www.campbellinc.com
ACC-242,Love Ltd,Port Daniel,Cape Verde,21698,Idaho,50431 Mary Ville,2021-12-06T01:52:00+0200,Healthcare,6542425365,https://www.loveltd.com
ACC-243,"Thomas, Hale and Costa",Port Donald,Greenland,32391,Colorado,417 Johnson Harbors Suite 887,2023-10-03T03:13:00+0200,Transportation,001-649-376-0777,"https://www.thomas,haleandcosta.com"
ACC-244,Sanchez and Sons,Port Sabrina,Ghana,11873,South Dakota,93144 Wood Walk Suite 994,2022-09-08T13:27:00+0200,Manufacturing,229-939-2662x962,https://www.sanchezandsons.com
ACC-245,"Love, White and Rodriguez",Johnview,Cape Verde,7066,Mississippi,636 Logan Course Suite 998,2020-06-12T06:36:00+0200,Finance,564-382-9479x24005,"https://www.love,whiteandrodriguez.com"
ACC-246,Adams Group,West Tylerfurt,Ethiopia,81453,Pennsylvania,10380 Thomas Roads Suite 667,2020-07-03T08:35:00+0200,Transportation,001-371-735-1300x268,https://www.adamsgroup.com
ACC-247,Sanchez Group,North Elizabeth,Philippines,26800,Hawaii,641 Paula Shoals Apt. 824,2023-10-06T07:21:00+0200,Transportation,522-397-7848x148,https://www.sanchezgroup.com
ACC-248,"Henderson, Doyle and Brooks",Timothybury,Albania,57698,Connecticut,121 Mejia Road Apt. 996,2023-06-12T05:53:00+0200,Transportation,444.283.9472,"https://www.henderson,doyleandbrooks.com"
ACC-249,"Fisher, Avila and Mitchell",Stevenborough,Cayman Islands,73716,Virginia,9253 Preston Villages,2023-12-09T14:21:00+0200,Transportation,270.536.1588x773,"https://www.fisher,avilaandmitchell.com"
ACC-250,Schneider Inc,Wrightfurt,Solomon Islands,25287,Washington,62626 Rivera Manors Suite 453,2020-11-02T23:32:00+0200,Education,001-329-123-6908,https://www.schneiderinc.com
ACC-251,Ray-Hall,Taylorshire,Australia,4514,Georgia,23587 Hansen Tunnel,2025-03-06T15:13:00+0200,Education,(192)080-4741x84189,https://www.ray-hall.com
ACC-252,Carter-Adams,Lake Zacharyport,Cape Verde,75984,Massachusetts,233 James Glens Apt. 715,2025-02-03T04:05:00+0200,Education,12-28-34,https://www.carter-adams.com
ACC-253,Weaver PLC,Port Mirandaton,United States of America,64077,Michigan,09097 Susan Views Suite 253,2025-01-05T17:53:00+0200,Manufacturing,(045)086-0523,https://www.weaverplc.com
ACC-254,"Hernandez, Guzman and James",Byrdland,Palau,45184,North Carolina,9994 Smith Valley Apt. 865,2023-07-07T07:59:00+0200,Technology,7446464064,"https://www.hernandez,guzmanandjames.com"
ACC-255,Whitaker LLC,South Justin,Australia,93642,Alabama,45671 Lawrence Cove,2025-01-03T08:14:00+0200,Healthcare,743.050.7581x0833,https://www.whitakerllc.com
ACC-256,Dalton Group,Seanfort,Germany,36066,Utah,1570 Williams Roads Apt. 701,2022-04-06T09:04:00+0200,Technology,+1-717-383-5232x7785,https://www.daltongroup.com
ACC-257,Murray-Bennett,Port Manuelstad,Cook Islands,87148,West Virginia,6685 Hobbs Row,2021-11-09T00:29:00+0200,Consulting,(248)370-1977,https://www.murray-bennett.com
ACC-258,Sanders-Macdonald,East Peterfurt,Lithuania,11402,Wyoming,195 Johnson Island,2023-07-02T03:06:00+0200,Hospitality,(874)412-6044,https://www.sanders-macdonald.com
ACC-259,Larson and Sons,Hayesstad,Tonga,42073,New Mexico,814 Anna Crescent,2024-11-05T21:20:00+0200,Retail,+1-194-012-5132x491,https://www.larsonandsons.com
ACC-260,"Martinez, Roberson and Nguyen",Randallport,Faroe Islands,62967,Utah,252 Keith Valley Suite 649,2020-03-07T06:42:00+0200,Retail,9256372550,"https://www.martinez,robersonandnguyen.com"
ACC-261,"Lee, Mccullough and Harris",Anthonyton,Swaziland,87854,Mississippi,82801 Bennett Street Apt. 265,2023-05-11T16:27:00+0200,Finance,001-575-736-1572,"https://www.lee,mcculloughandharris.com"
ACC-262,Cole Ltd,South Maryborough,Netherlands,8106,New Jersey,5967 Boyd Square,2020-09-09T21:53:00+0200,Hospitality,371-299-0531x13343,https://www.coleltd.com
ACC-263,Freeman PLC,Michaelstad,Northern Mariana Islands,16453,Tennessee,85884 Ross Knoll,2020-06-07T14:37:00+0200,Manufacturing,(735)684-4184x516,https://www.freemanplc.com
ACC-264,Harris Group,Lake Fernandostad,Central African Republic,62755,Arizona,59477 Amy Ferry Apt. 039,2023-03-12T02:50:00+0200,Finance,(343)577-3397x57574,https://www.harrisgroup.com
ACC-265,Daugherty-Dominguez,West Chad,Dominica,47364,Wyoming,782 Amy Mountain,2023-08-06T23:42:00+0200,Manufacturing,8745785951,https://www.daugherty-dominguez.com
ACC-266,Jackson LLC,Jasontown,United States Minor Outlying Islands,27045,Illinois,7685 Kayla Inlet,2024-12-02T07:21:00+0200,Technology,001-614-193-5965x4374,https://www.jacksonllc.com
ACC-267,"Kelly, Ortiz and Hutchinson",Jensenberg,Somalia,52111,Virginia,74320 Renee Passage Suite 204,2020-05-01T20:17:00+0200,Finance,(653)879-0173x124,"https://www.kelly,ortizandhutchinson.com"
ACC-268,"Navarro, Smith and Shah",Millertown,Cameroon,16817,Louisiana,043 Durham Unions,2023-01-04T06:36:00+0200,Hospitality,983.128.7653,"https://www.navarro,smithandshah.com"
ACC-269,"French, Lawson and Lowe",New Chelseamouth,Martinique,67618,Kansas,23812 Elizabeth Dale Apt. 547,2021-07-04T07:43:00+0200,Manufacturing,2022885122,"https://www.french,lawsonandlowe.com"
ACC-270,Lewis-Robinson,South Jesse,Cayman Islands,40987,South Dakota,828 Pamela Courts Suite 886,2022-09-05T04:09:00+0200,Healthcare,5462428236,https://www.lewis-robinson.com
ACC-271,"Wells, Burton and Hernandez",West Ashleyfort,Iran,42521,Massachusetts,876 Green Port,2020-03-07T20:39:00+0200,Technology,860-729-0227x0193,"https://www.wells,burtonandhernandez.com"
ACC-272,Hopkins-Baker,East Jessica,Lesotho,67778,Mississippi,2060 David Hills,2020-07-08T00:51:00+0200,Technology,288-291-4718,https://www.hopkins-baker.com
ACC-273,"Perez, Taylor and Norton",Port Melissa,Mauritania,40487,Wyoming,230 Hughes Villages,2021-10-05T03:20:00+0200,Hospitality,001-099-243-0757x5422,"https://www.perez,taylorandnorton.com"
ACC-274,Reed-Day,Amandabury,Singapore,90226,Michigan,601 Brewer Summit,2023-01-04T14:01:00+0200,Healthcare,001-570-716-9714x8467,https://www.reed-day.com
ACC-275,Dennis Ltd,North Adam,Solomon Islands,66367,Alabama,48027 Melvin Parkway,2020-02-07T22:54:00+0200,Hospitality,130.080.7423,https://www.dennisltd.com
ACC-276,Jones-Gonzalez,Millsborough,Iran,47848,Alabama,40363 Bailey Fields Apt. 652,2022-03-11T15:06:00+0200,Healthcare,010-921-5499x3577,https://www.jones-gonzalez.com
ACC-277,"Mason, French and Lewis",North Jeremy,Turkey,66461,Massachusetts,88580 Blackwell Parkway,2023-06-04T00:00:00+0200,Education,975-744-9228x77188,"https://www.mason,frenchandlewis.com"
ACC-278,Baker and Sons,South Kristin,Singapore,56735,New Hampshire,02861 Phelps Pine,2023-06-10T18:58:00+0200,Healthcare,818.685.4536x0466,https://www.bakerandsons.com
ACC-279,"Taylor, Lee and Lee",North Thomas,Liberia,3262,Vermont,443 Baker Track Suite 315,2020-07-06T16:52:00+0200,Real Estate,286-050-5193,"https://www.taylor,leeandlee.com"
ACC-280,Mcknight-Morgan,Alejandroside,Heard Island and McDonald Islands,81897,West Virginia,02729 Powell Skyway,2022-01-09T21:06:00+0200,Hospitality,+1-257-820-7472x222,https://www.mcknight-morgan.com
ACC-281,Lin LLC,Rojasview,Hong Kong,48931,Alabama,08150 Deborah Pike,2022-12-03T16:59:00+0200,Finance,+1-859-074-3928x10536,https://www.linllc.com
ACC-282,Horne LLC,Bellborough,Cambodia,56584,New York,9871 Toni Unions Suite 134,2023-09-06T01:07:00+0200,Transportation,837-193-3077x11312,https://www.hornellc.com
ACC-283,Williams-Hall,Leetown,Turkey,61385,Nevada,91612 Angela Cove Suite 128,2022-06-03T14:32:00+0200,Transportation,+1-835-394-4910x92834,https://www.williams-hall.com
ACC-284,"Jackson, Allen and Hall",West Mitchell,Comoros,1978,New York,2338 Vincent Greens,2021-09-09T14:26:00+0200,Retail,455-767-5398,"https://www.jackson,allenandhall.com"
ACC-285,"Wright, Robles and Patel",Kennethtown,Bahamas,91959,North Dakota,716 Albert River Suite 845,2020-11-06T20:15:00+0200,Healthcare,001-630-342-9650x799,"https://www.wright,roblesandpatel.com"
ACC-286,Bell Ltd,Thomasstad,Colombia,58841,Montana,14212 Gill Alley Apt. 412,2022-08-10T17:26:00+0200,Consulting,660-913-9562,https://www.bellltd.com
ACC-287,"Alvarez, Richard and Gonzalez",Lake Davidville,Martinique,29332,New Mexico,03306 Mays Grove,2023-11-10T02:44:00+0200,Healthcare,257.024.4520x576,"https://www.alvarez,richardandgonzalez.com"
ACC-288,Choi-Campbell,East Susanstad,Sudan,65474,Utah,67633 James Place,2023-10-12T02:46:00+0200,Hospitality,001-723-609-4534x1379,https://www.choi-campbell.com
ACC-289,Wood and Sons,Burtonbury,Colombia,44376,Maine,234 Carl Way,2020-06-30T11:14:00+0200,Real Estate,001-305-496-2834x1034,https://www.woodandsons.com
ACC-290,Miller-Matthews,West Bobbyville,Brazil,79336,Oklahoma,14698 Robert Drive Apt. 952,2025-01-03T11:28:00+0200,Healthcare,061.162.9159,https://www.miller-matthews.com
ACC-291,Rodriguez-Boone,Charlesmouth,French Southern Territories,24658,Maine,05160 Cole Prairie,2020-12-11T18:17:00+0200,Finance,245-303-3671x74497,https://www.rodriguez-boone.com
ACC-292,Vincent-Ortega,Jeffreytown,Guyana,76965,Montana,164 Rose Mall,2022-09-11T16:54:00+0200,Healthcare,001-233-377-7122x498,https://www.vincent-ortega.com
ACC-293,"Sutton, Hendrix and Gallegos",West Thomasview,Tonga,65296,Kentucky,0703 Fisher Turnpike,2022-01-08T04:23:00+0200,Transportation,240.664.3203,"https://www.sutton,hendrixandgallegos.com"
ACC-294,"Schultz, Schroeder and Chang",South Edwardhaven,French Guiana,2138,Massachusetts,275 Lin Mountain Apt. 333,2023-05-11T17:35:00+0200,Finance,11-30-18,"https://www.schultz,schroederandchang.com"
ACC-295,Brown PLC,Clarkborough,Pakistan,7155,California,229 Ann Lock,2021-04-30T10:45:00+0200,Transportation,+1-065-225-4727x94285,https://www.brownplc.com
ACC-296,"Ford, Davis and Moore",Lake Samanthaberg,Maldives,8937,Massachusetts,429 Sherry Path,2023-04-02T23:39:00+0200,Transportation,596.610.9249,"https://www.ford,davisandmoore.com"
ACC-297,Olson-Carter,Lake Melissa,Romania,39908,Georgia,962 Brittney Course,2020-03-03T14:08:00+0200,Hospitality,001-866-145-6029x4042,https://www.olson-carter.com
ACC-298,"Barber, Roberts and Russell",Vasquezhaven,Luxembourg,1244,Wisconsin,890 Galloway Drives Apt. 491,2022-03-12T05:19:00+0200,Education,071.575.5431x15377,"https://www.barber,robertsandrussell.com"
ACC-299,Thompson-Edwards,Robertton,New Zealand,14547,Washington,537 Stephens Squares Suite 878,2021-10-09T01:09:00+0200,Real Estate,7770786489,https://www.thompson-edwards.com
ACC-300,Russell Inc,New Mercedes,Malta,4742,New Mexico,048 Jason Causeway,2022-03-10T00:17:00+0200,Retail,(656)073-8007,https://www.russellinc.com
ACC-301,Callahan Inc,West Raymondfurt,Bulgaria,63977,Montana,025 Skinner Loaf,2024-05-10T10:41:00+0200,Manufacturing,315-569-0139,https://www.callahaninc.com
ACC-302,Carter Inc,West Wendy,Tokelau,24207,Utah,28364 Joyce Fork Apt. 378,2020-05-05T03:45:00+0200,Hospitality,(319)936-0244x609,https://www.carterinc.com
ACC-303,"Hanson, Martin and Mcgee",North William,Somalia,71439,Oklahoma,93944 Johnson Alley Suite 192,2021-01-09T21:15:00+0200,Manufacturing,965.721.1864x441,"https://www.hanson,martinandmcgee.com"
ACC-304,Ward Ltd,North Heatherchester,Chad,84030,Nebraska,785 Murray Station,2022-02-04T07:02:00+0200,Transportation,583.480.4769x52869,https://www.wardltd.com
ACC-305,Curtis-Miller,Edwardsfort,Martinique,37801,Louisiana,663 Andrade Trafficway,2023-05-09T20:32:00+0200,Real Estate,001-859-285-4340,https://www.curtis-miller.com
ACC-306,Bailey Inc,New Brittney,British Virgin Islands,65144,New Mexico,93604 Miller Point Suite 628,2023-10-06T02:41:00+0200,Technology,001-602-807-8576x0965,https://www.baileyinc.com
ACC-307,"Lowery, Yoder and Gibson",New Jessica,Vanuatu,25735,Alaska,12029 Rodriguez Causeway Suite 372,2020-02-08T15:40:00+0200,Healthcare,12-21-48,"https://www.lowery,yoderandgibson.com"
ACC-308,Gutierrez-Espinoza,Joshuaburgh,French Polynesia,23388,California,95841 Chang Inlet Suite 457,2025-02-07T22:16:00+0200,Manufacturing,(283)412-5469,https://www.gutierrez-espinoza.com
ACC-309,Lloyd-Morrow,North Matthew,Philippines,94709,Maryland,72493 Steven Lodge Suite 149,2020-12-07T02:51:00+0200,Healthcare,(356)431-1194x18950,https://www.lloyd-morrow.com
ACC-310,Brown and Sons,South Zacharytown,United States Minor Outlying Islands,88158,Kentucky,3176 Stewart Unions Apt. 242,2023-03-04T16:05:00+0200,Manufacturing,(502)763-8868,https://www.brownandsons.com
ACC-311,"Warren, Weeks and Ballard",Dylanfurt,Korea,98458,Louisiana,08727 Yates View Suite 401,2023-07-08T13:27:00+0200,Finance,+1-796-526-3812x814,"https://www.warren,weeksandballard.com"
ACC-312,Allen-Flores,New David,Ghana,86117,Oklahoma,45937 Cardenas Walks,2024-12-09T18:15:00+0200,Hospitality,(451)352-5590x8009,https://www.allen-flores.com
ACC-313,Aguilar Group,Lake Anthony,Egypt,94452,South Carolina,9465 Morales Mall Suite 213,2020-03-07T14:06:00+0200,Real Estate,(224)662-3122x1841,https://www.aguilargroup.com
ACC-314,Richards-Young,Gillborough,Saint Kitts and Nevis,73606,Rhode Island,636 Ryan Bypass Suite 679,2020-03-06T05:55:00+0200,Healthcare,001-369-867-8400x084,https://www.richards-young.com
ACC-315,"Schneider, Alvarado and Wilson",Stephenville,Lebanon,2238,Vermont,426 Tyler Shores Apt. 560,2022-10-02T23:35:00+0200,Healthcare,(702)825-1664,"https://www.schneider,alvaradoandwilson.com"
ACC-316,Fernandez-Brown,Port Calebborough,Canada,20848,Alaska,4364 Tom Fields,2020-06-06T22:02:00+0200,Transportation,777.227.4907,https://www.fernandez-brown.com
ACC-317,Williams and Sons,Hamptonchester,Holy See (Vatican City State),13999,Delaware,40172 Susan Dam Apt. 475,2023-08-08T22:47:00+0200,Manufacturing,(237)762-0355x068,https://www.williamsandsons.com
ACC-318,Taylor LLC,Jonesport,Kyrgyz Republic,13974,Colorado,69603 Jenna Branch,2020-07-09T14:15:00+0200,Education,459-868-8305,https://www.taylorllc.com
ACC-319,Meyer-Gutierrez,North Teresaview,Malawi,80805,Michigan,69560 Phillips Camp Suite 315,2025-03-01T07:43:00+0200,Finance,(781)807-0459,https://www.meyer-gutierrez.com
ACC-320,"Rivera, Matthews and Dean",West Elizabethtown,Svalbard & Jan Mayen Islands,44657,New Jersey,812 Stephenson Village,2021-07-04T06:45:00+0200,Transportation,2447265549,"https://www.rivera,matthewsanddean.com"
ACC-321,Gomez-Jones,Codyland,Norway,5570,Mississippi,1523 Bowman Prairie,2022-09-11T21:27:00+0200,Finance,901.524.6226,https://www.gomez-jones.com
ACC-322,Patterson Inc,North Troy,Brazil,73475,Colorado,98775 Jordan Ridge,2020-09-10T02:59:00+0200,Consulting,+1-257-301-1975x2965,https://www.pattersoninc.com
ACC-323,Murphy Ltd,Thomaston,Jersey,41770,Mississippi,0119 Derrick Trafficway Apt. 199,2021-06-02T12:36:00+0200,Healthcare,892-846-8589,https://www.murphyltd.com
ACC-324,Davidson PLC,Bowersberg,Cote d'Ivoire,86233,Arkansas,6658 Amy Prairie Apt. 005,2024-08-07T23:59:00+0200,Transportation,001-535-367-9229,https://www.davidsonplc.com
ACC-325,Campos Ltd,South Justinberg,Bahamas,85825,Alaska,81421 Macias Light,2021-07-07T03:42:00+0200,Retail,738.692.5285x107,https://www.camposltd.com
ACC-326,"Pineda, Love and Hoover",Bryanborough,Haiti,16653,Massachusetts,8473 Woodard Heights Suite 689,2022-03-02T02:23:00+0200,Manufacturing,059-236-1700x5516,"https://www.pineda,loveandhoover.com"
ACC-327,Wright-Banks,Powersland,Suriname,92288,North Dakota,36950 Powell Common Suite 458,2022-02-02T06:56:00+0200,Finance,+1-746-824-1217,https://www.wright-banks.com
ACC-328,"Barnes, Durham and Todd",North Theodoremouth,Hungary,30131,Iowa,4941 Colin Extensions Suite 501,2021-10-05T11:32:00+0200,Hospitality,844-238-6313,"https://www.barnes,durhamandtodd.com"
ACC-329,Bray-Green,Lake Stacystad,Latvia,61736,Missouri,74292 Zhang Road,2023-05-05T00:53:00+0200,Healthcare,(819)014-0482x13291,https://www.bray-green.com
ACC-330,"Crawford, Butler and Kaiser",Rebeccaton,Samoa,5774,Minnesota,64551 Mcdonald Radial Suite 676,2022-02-01T05:44:00+0200,Education,+1-471-193-4548x91130,"https://www.crawford,butlerandkaiser.com"
ACC-331,Turner-Pollard,New Kelseyland,Armenia,62503,Oregon,696 Kayla Burg,2024-01-06T03:02:00+0200,Consulting,144-292-5770,https://www.turner-pollard.com
ACC-332,Harris-Ward,New Gabriel,Switzerland,12647,Mississippi,5476 Thompson Courts Apt. 553,2020-11-05T19:54:00+0200,Consulting,237-167-7342,https://www.harris-ward.com
ACC-333,"Carr, Gutierrez and Stuart",Danielborough,Egypt,73780,Indiana,123 Caitlin Terrace Apt. 495,2023-02-04T10:20:00+0200,Transportation,001-535-044-0565x11499,"https://www.carr,gutierrezandstuart.com"
ACC-334,"Young, Mckinney and Pearson",Port Shannonhaven,Bhutan,66562,North Carolina,65409 Sandra Meadows,2020-02-12T00:38:00+0200,Education,(158)300-0835,"https://www.young,mckinneyandpearson.com"
ACC-335,"Cannon, Rios and Gonzalez",South Ryanfort,Equatorial Guinea,55684,Rhode Island,835 Samantha Freeway,2020-06-10T06:27:00+0200,Retail,001-835-255-0324x300,"https://www.cannon,riosandgonzalez.com"
ACC-336,"Garza, Williams and Lawrence",New Michael,Morocco,39117,Alabama,3658 Sanders Fords,2022-09-02T16:57:00+0200,Real Estate,+1-385-341-1284x85829,"https://www.garza,williamsandlawrence.com"
ACC-337,"Lewis, Webb and Tucker",South Alison,Slovakia (Slovak Republic),92875,Iowa,5475 Haley Forks Apt. 628,2021-04-01T18:51:00+0200,Education,001-331-916-1429x329,"https://www.lewis,webbandtucker.com"
ACC-338,White PLC,Lake Heathertown,Guyana,86152,South Dakota,372 Amanda Dale Apt. 276,2024-06-03T08:53:00+0200,Healthcare,(389)313-3483x6461,https://www.whiteplc.com
ACC-339,"Davis, Vargas and Kelly",Pennyville,Luxembourg,24365,New Mexico,986 Sandra Burgs Suite 149,2022-06-06T15:11:00+0200,Retail,001-400-644-1482x372,"https://www.davis,vargasandkelly.com"
ACC-340,Stevenson-Ramos,Marymouth,Turks and Caicos Islands,10883,Oklahoma,35507 Joseph Passage Apt. 420,2025-02-09T18:15:00+0200,Healthcare,987.983.0541x807,https://www.stevenson-ramos.com
ACC-341,Robinson-Hester,Gilbertfort,Hungary,24645,Virginia,728 Crystal Square Apt. 782,2022-06-09T18:22:00+0200,Technology,004-378-2891x48622,https://www.robinson-hester.com
ACC-342,Thompson and Sons,Kathymouth,Marshall Islands,26491,Alabama,1764 Sydney Coves,2023-05-12T04:54:00+0200,Consulting,489-796-2619,https://www.thompsonandsons.com
ACC-343,Thomas-Franco,North Stephanie,Mexico,8069,Missouri,195 Kristen Turnpike Apt. 119,2024-09-03T12:27:00+0200,Retail,(088)336-4479x4239,https://www.thomas-franco.com
ACC-344,Cherry PLC,North Jason,Congo,50507,Mississippi,452 King Grove Apt. 505,2020-08-08T10:34:00+0200,Finance,598.372.8129x49729,https://www.cherryplc.com
ACC-345,Marshall-Rodriguez,Adamchester,British Indian Ocean Territory (Chagos Archipelago),39723,Missouri,88491 Fitzgerald Garden,2020-10-01T08:51:00+0200,Retail,545.097.9736x9160,https://www.marshall-rodriguez.com
ACC-346,"Garcia, Diaz and Collier",West Stephenfurt,Wallis and Futuna,89772,Colorado,4512 Adam Divide,2023-09-05T17:28:00+0200,Real Estate,+1-684-625-1334x0445,"https://www.garcia,diazandcollier.com"
ACC-347,Mitchell-Ross,East Mary,France,49666,Minnesota,200 Frederick Park,2022-04-09T02:08:00+0200,Manufacturing,951.536.3150x76508,https://www.mitchell-ross.com
ACC-348,Fields Group,Maybury,Serbia,14615,Indiana,488 Galloway Parkway,2023-09-03T17:57:00+0200,Real Estate,632-979-2968x60772,https://www.fieldsgroup.com
ACC-349,Marshall and Sons,Brennanberg,Austria,50174,Tennessee,474 Reed Highway,2020-11-30T20:23:00+0200,Education,(596)447-7449x51303,https://www.marshallandsons.com
ACC-350,Williams-Taylor,Port Michaelbury,Moldova,65916,Missouri,6398 Samuel Burgs Suite 982,2020-07-11T15:29:00+0200,Consulting,542-709-7150x1794,https://www.williams-taylor.com
ACC-351,"Walker, Avery and Ponce",North Jesseville,Bermuda,67954,Texas,88830 Brent Grove,2023-05-12T04:23:00+0200,Manufacturing,+1-363-456-4004x9864,"https://www.walker,averyandponce.com"
ACC-352,"Simmons, Gentry and Becker",North Tanyafurt,Jamaica,93216,Arkansas,119 Glass Lake Suite 822,2022-11-02T02:32:00+0200,Retail,(849)687-9263x655,"https://www.simmons,gentryandbecker.com"
ACC-353,Hester Group,Ryanshire,Portugal,56081,Iowa,5453 Audrey Gateway,2022-09-07T05:12:00+0200,Education,759-415-0412x035,https://www.hestergroup.com
ACC-354,Sanchez LLC,Smithland,Australia,29187,Idaho,93037 Kathy Heights,2020-06-09T20:21:00+0200,Healthcare,63659563,https://www.sanchezllc.com
ACC-355,Martinez-Davidson,Lake Brian,Lesotho,90746,Delaware,40446 Christian Viaduct Apt. 910,2022-04-01T18:26:00+0200,Finance,801-708-4857,https://www.martinez-davidson.com
ACC-356,"Mack, Rodriguez and Robinson",New Charles,Indonesia,98723,Ohio,35440 Susan Green Suite 432,2022-09-10T22:32:00+0200,Healthcare,486-115-8003x6272,"https://www.mack,rodriguezandrobinson.com"
ACC-357,Beltran Ltd,Thomashaven,Cook Islands,51537,New Hampshire,3434 Rivas River,2022-04-08T08:05:00+0200,Finance,3141554710,https://www.beltranltd.com
ACC-358,Lowe-Taylor,Crystalbury,Saint Pierre and Miquelon,96560,Tennessee,6641 Cynthia Villages,2021-11-06T06:40:00+0200,Consulting,001-324-031-5070x49735,https://www.lowe-taylor.com
ACC-359,"Bird, Smith and Reed",Reginastad,Antarctica (the territory South of 60 deg S),20990,Rhode Island,764 Banks Views,2022-10-12T03:49:00+0200,Retail,(046)760-9406x923,"https://www.bird,smithandreed.com"
ACC-360,West-Rice,North Marthaview,Costa Rica,77426,New York,9712 James Forge,2021-10-07T13:16:00+0200,Consulting,310-447-6666x76797,https://www.west-rice.com
ACC-361,Mathis-Vincent,Port Madison,Luxembourg,23763,Tennessee,56682 Keith Courts Apt. 586,2023-11-10T16:54:00+0200,Healthcare,001-846-570-3955x04762,https://www.mathis-vincent.com
ACC-362,"Williams, Reyes and Myers",Davismouth,Mali,75782,Ohio,0351 Cummings Motorway,2022-07-12T13:20:00+0200,Finance,001-364-694-5528,"https://www.williams,reyesandmyers.com"
ACC-363,Savage Inc,Lake Nancy,Australia,23155,Tennessee,940 Andrews Crossroad,2023-04-02T13:09:00+0200,Finance,(747)745-7317,https://www.savageinc.com
ACC-364,"Lane, Gates and Norman",New Cheyenneland,Dominican Republic,26554,Oregon,358 Morgan Harbors Suite 420,2022-02-02T23:51:00+0200,Transportation,724-451-1257x158,"https://www.lane,gatesandnorman.com"
ACC-365,"Thornton, Lowe and Williams",Lake Alisonmouth,United Arab Emirates,1162,Idaho,13443 Walsh Trace Suite 760,2023-04-05T15:42:00+0200,Healthcare,128.507.4509x813,"https://www.thornton,loweandwilliams.com"
ACC-366,Lee-Arnold,Lake Laurieview,Turkmenistan,13382,Utah,056 Cervantes Mill,2024-02-11T21:38:00+0200,Finance,232.618.6543x256,https://www.lee-arnold.com
ACC-367,Miller-Williams,Ryantown,Madagascar,11267,Idaho,0825 Suzanne Forks Suite 855,2022-07-12T07:52:00+0200,Transportation,001-174-959-2624x806,https://www.miller-williams.com
ACC-368,Burns-Rasmussen,Carpenterland,Puerto Rico,21774,Montana,758 Esparza Vista Suite 952,2024-05-01T17:51:00+0200,Finance,+1-940-337-1020,https://www.burns-rasmussen.com
ACC-369,"Jones, Kim and Callahan",Port Annette,India,97966,Texas,393 Dixon Dam,2025-02-28T23:12:00+0200,Retail,+1-682-805-9890x1927,"https://www.jones,kimandcallahan.com"
ACC-370,"Young, Howell and Smith",South Christinafurt,South Africa,36607,Delaware,8488 Gomez Unions,2023-10-09T01:54:00+0200,Manufacturing,+1-080-706-7776,"https://www.young,howellandsmith.com"
ACC-371,Gray Group,Lake Rhondachester,Pakistan,23384,Wyoming,238 Hancock Knolls Suite 861,2023-11-06T01:32:00+0200,Technology,1455945613,https://www.graygroup.com
ACC-372,Taylor PLC,Reynoldsside,Cook Islands,19184,Delaware,654 Kayla Bridge Apt. 276,2022-06-02T10:02:00+0200,Transportation,792-101-1722,https://www.taylorplc.com
ACC-373,"Bryan, Evans and Young",South Noah,Guyana,52417,Iowa,9601 Terry Vista,2022-05-07T13:57:00+0200,Consulting,252-574-7251x1538,"https://www.bryan,evansandyoung.com"
ACC-374,Martinez-Kemp,Robbinsmouth,Venezuela,25791,Michigan,963 John Lights Apt. 199,2023-02-05T13:02:00+0200,Transportation,880.787.3376x8346,https://www.martinez-kemp.com
ACC-375,"Little, White and Kelly",Lake Frank,Sierra Leone,1972,Louisiana,9474 Colon Squares,2020-06-08T04:11:00+0200,Technology,564-456-9568x00977,"https://www.little,whiteandkelly.com"
ACC-376,Ramirez Group,West Christina,Malawi,65463,Kansas,89612 Romero Locks,2024-09-08T00:08:00+0200,Manufacturing,(650)510-4937x87852,https://www.ramirezgroup.com
ACC-377,Adams and Sons,Wuville,Benin,29579,Washington,33250 Mark Dam Apt. 705,2023-05-07T09:11:00+0200,Hospitality,+1-703-555-6066x3041,https://www.adamsandsons.com
ACC-378,Ballard Ltd,Thompsonfurt,Saint Barthelemy,71253,Arizona,16985 Brown Forge,2021-05-05T12:35:00+0200,Retail,+1-041-095-0225x3351,https://www.ballardltd.com
ACC-379,Wolf-Brown,Michaelview,Uzbekistan,91108,South Dakota,55588 Humphrey Ports,2020-01-05T12:51:00+0200,Manufacturing,9188362570,https://www.wolf-brown.com
ACC-380,Osborne Inc,New Richardchester,Gibraltar,10741,New Hampshire,252 Julie Trail,2025-02-01T08:41:00+0200,Transportation,(075)736-6261x214,https://www.osborneinc.com
ACC-381,Byrd Inc,Williamston,Cambodia,27293,Maine,75230 Sanders Road,2021-07-05T17:51:00+0200,Finance,(916)399-1460x0650,https://www.byrdinc.com
ACC-382,Cox and Sons,New Katherineborough,Iraq,28252,Oregon,80879 Ryan Well,2020-08-01T16:07:00+0200,Technology,(752)350-1487,https://www.coxandsons.com
ACC-383,"Turner, Schmidt and White",Port Greg,Ukraine,9587,Kentucky,0616 Greg Stream,2023-01-02T01:20:00+0200,Healthcare,4042227238,"https://www.turner,schmidtandwhite.com"
ACC-384,Hutchinson-Rose,New Carla,Kazakhstan,35339,Tennessee,21154 Karina Pines,2024-06-06T14:17:00+0200,Retail,754-159-6872x44218,https://www.hutchinson-rose.com
ACC-385,"Martinez, Charles and White",North David,Papua New Guinea,56569,Alaska,520 Atkins Highway Apt. 918,2020-08-07T07:59:00+0200,Transportation,+1-674-730-7119,"https://www.martinez,charlesandwhite.com"
ACC-386,Ingram-Green,South Rose,Montenegro,23091,West Virginia,131 Mcconnell Lakes Apt. 212,2021-05-08T20:23:00+0200,Technology,(332)840-9432x1692,https://www.ingram-green.com
ACC-387,Rhodes LLC,Bakerstad,Turkmenistan,50634,Idaho,0037 Robert Coves Suite 556,2021-09-09T00:51:00+0200,Healthcare,(209)566-8572,https://www.rhodesllc.com
ACC-388,Williamson-Haley,New Jamieland,Guam,77192,New Mexico,10398 Sharon Pines,2025-01-04T10:47:00+0200,Manufacturing,617.544.1035x74966,https://www.williamson-haley.com
ACC-389,Harmon PLC,Christopherburgh,Isle of Man,18637,Pennsylvania,946 Love Spring Suite 024,2020-07-11T15:38:00+0200,Healthcare,(874)247-4513,https://www.harmonplc.com
ACC-390,Norton Inc,Walkerhaven,British Virgin Islands,26996,West Virginia,139 Sean Brooks Apt. 868,2020-01-10T13:02:00+0200,Transportation,+1-546-314-6875x45540,https://www.nortoninc.com
ACC-391,"Rivera, Hill and Lang",Lake Matthew,Panama,9607,Kentucky,61901 Gomez Fork Apt. 114,2024-09-06T17:37:00+0200,Transportation,+1-172-134-9627x7373,"https://www.rivera,hillandlang.com"
ACC-392,Parks PLC,New Theresaside,Saint Barthelemy,48944,Delaware,0589 Joseph Terrace,2020-09-12T05:03:00+0200,Consulting,931-918-8575,https://www.parksplc.com
ACC-393,Proctor-Harrison,Karahaven,Bolivia,50470,California,19967 Scott Way,2023-10-03T03:08:00+0200,Technology,290.445.4377,https://www.proctor-harrison.com
ACC-394,Elliott Group,New Erikmouth,Cook Islands,10005,Colorado,77743 Carpenter Ville Suite 294,2024-03-02T06:02:00+0200,Education,(788)766-0042x15260,https://www.elliottgroup.com
ACC-395,Patel-Petersen,West Kimberly,Kiribati,92067,South Dakota,92321 Lawson Ridge,2024-02-03T06:56:00+0200,Hospitality,348-428-8313,https://www.patel-petersen.com
ACC-396,Hickman-Morrow,Kimburgh,Heard Island and McDonald Islands,7076,Virginia,7206 Pierce Path Suite 487,2023-10-03T05:42:00+0200,Finance,957.227.0561,https://www.hickman-morrow.com
ACC-397,"Nash, Santos and Murphy",Huberchester,Cook Islands,51599,Arkansas,181 Regina Harbor Suite 381,2021-05-03T08:53:00+0200,Real Estate,001-257-191-4296x6948,"https://www.nash,santosandmurphy.com"
ACC-398,Shaw-Houston,Port Steven,Anguilla,76376,Indiana,0357 Contreras Road Suite 455,2024-08-09T04:34:00+0200,Retail,700-108-6495x465,https://www.shaw-houston.com
ACC-399,Bentley-Blankenship,Lopezfurt,Cambodia,96722,Vermont,833 Webb Ramp,2021-07-10T04:41:00+0200,Finance,001-494-935-0262x045,https://www.bentley-blankenship.com
ACC-400,"Phillips, Evans and Marshall",New Heathertown,Taiwan,59858,Michigan,8597 Benjamin Burg,2024-04-04T13:20:00+0200,Consulting,(729)325-8621x4016,"https://www.phillips,evansandmarshall.com"
ACC-401,Wright-Faulkner,Robertville,Mayotte,73433,New York,7813 Phillips Street,2022-06-10T17:01:00+0200,Healthcare,001-082-688-5035,https://www.wright-faulkner.com
ACC-402,"Johnson, Oneal and Miller",Lake Donna,Lebanon,18312,Vermont,455 Susan Prairie Suite 861,2024-07-12T05:59:00+0200,Finance,+1-435-545-6270x8589,"https://www.johnson,onealandmiller.com"
ACC-403,Mathews-Moran,Wrightside,Indonesia,5530,Delaware,515 Nicholson Mountain Apt. 058,2020-07-04T18:24:00+0200,Healthcare,+1-065-687-0108x7678,https://www.mathews-moran.com
ACC-404,Webb PLC,New Michaelside,Peru,34285,North Dakota,2254 Russell Parkway Apt. 266,2020-03-04T15:51:00+0200,Education,349.450.8029x89449,https://www.webbplc.com
ACC-405,Smith Ltd,Amandaview,Hong Kong,66184,Oregon,325 Joy Lane,2021-05-06T04:32:00+0200,Retail,(956)400-3270,https://www.smithltd.com
ACC-406,Bullock Inc,Marquezshire,Argentina,16063,Maine,75409 Williams Valleys,2024-08-03T14:50:00+0200,Transportation,4449368620,https://www.bullockinc.com
ACC-407,Reynolds-Payne,West Michael,Zimbabwe,49328,Maryland,2405 Simpson Course,2023-08-01T13:41:00+0200,Healthcare,1363602156,https://www.reynolds-payne.com
ACC-408,Dixon-Williams,Nicoleberg,Egypt,98380,Louisiana,08082 Phyllis Squares,2024-10-07T03:04:00+0200,Manufacturing,531.877.5728x55886,https://www.dixon-williams.com
ACC-409,Sanchez-Walton,Rachelfort,Australia,14877,Indiana,62441 Dana Highway,2023-01-12T09:42:00+0200,Technology,001-508-649-5657x480,https://www.sanchez-walton.com
ACC-410,Santos Inc,North Tylerborough,Mozambique,82443,North Dakota,0069 Williams Course,2023-09-10T17:19:00+0200,Hospitality,(030)037-0927x47942,https://www.santosinc.com
ACC-411,Mcdonald-Taylor,South Christopherberg,Chile,12237,Wisconsin,56241 Baker Loop Suite 318,2021-03-08T17:28:00+0200,Real Estate,998-212-9168,https://www.mcdonald-taylor.com
ACC-412,Mosley and Sons,New Jennifer,Kyrgyz Republic,84712,New Jersey,495 West Curve,2022-03-04T11:26:00+0200,Real Estate,(434)540-1959x841,https://www.mosleyandsons.com
ACC-413,Nunez-Copeland,West Chelsea,United States Minor Outlying Islands,76181,Colorado,2979 Abigail Brooks,2021-08-08T22:18:00+0200,Hospitality,4383736639,https://www.nunez-copeland.com
ACC-414,Cox Ltd,Lake Michelleberg,Liechtenstein,27182,West Virginia,72935 Castro Run,2024-02-07T03:13:00+0200,Consulting,001-337-501-6692x313,https://www.coxltd.com
ACC-415,Brown and Sons,Port Danielfurt,Australia,21446,Idaho,6536 Johnson Station,2021-09-30T19:59:00+0200,Education,001-892-244-4724,https://www.brownandsons.com
ACC-416,Wade-Wilson,Chelseatown,Marshall Islands,91878,Idaho,7394 Holden Hollow,2024-02-07T02:50:00+0200,Manufacturing,085.257.2050x7327,https://www.wade-wilson.com
ACC-417,Perez-Robinson,Hebertmouth,Niger,23457,Kentucky,97132 Gregg Trail,2024-08-06T16:41:00+0200,Manufacturing,(391)736-7910x28327,https://www.perez-robinson.com
ACC-418,Roman Ltd,North Shannonview,Chile,77243,Indiana,491 Sandoval Throughway,2023-05-09T02:19:00+0200,Retail,+1-558-250-8434,https://www.romanltd.com
ACC-419,"Johnson, Simmons and Smith",Murraytown,Andorra,64527,New Jersey,58578 Henson Trail Suite 938,2022-01-07T04:11:00+0200,Consulting,5465175468,"https://www.johnson,simmonsandsmith.com"
ACC-420,Fleming-Mendoza,West Lisaside,Brazil,27796,New Jersey,20463 Wright Drive,2025-02-05T15:24:00+0200,Education,001-962-734-0505,https://www.fleming-mendoza.com
ACC-421,Hernandez PLC,East Julie,Pitcairn Islands,65199,Kansas,7343 Doris Parkways Apt. 172,2021-02-10T10:14:00+0200,Technology,001-720-172-9393,https://www.hernandezplc.com
ACC-422,"Greer, Spencer and Dillon",Johnsonbury,Turkey,91417,New York,63641 Jeffrey Brook,2022-08-10T06:15:00+0200,Finance,+1-181-637-0997x7795,"https://www.greer,spenceranddillon.com"
ACC-423,"Alexander, Bell and Harvey",Laurabury,Seychelles,75911,Mississippi,9009 Holly Prairie Apt. 956,2020-01-06T06:29:00+0200,Finance,(928)328-2613x2271,"https://www.alexander,bellandharvey.com"
ACC-424,"Medina, Pierce and Lara",Michelleton,Timor-Leste,41111,Oklahoma,5223 Coffey Union,2023-11-01T06:33:00+0200,Education,+1-925-074-5262x619,"https://www.medina,pierceandlara.com"
ACC-425,Brown Ltd,Christopherhaven,Congo,86674,Oregon,76776 Watkins Crossroad,2023-10-11T04:38:00+0200,Real Estate,9543077338,https://www.brownltd.com
ACC-426,Jackson PLC,Kennethfurt,Liechtenstein,66123,Nebraska,58878 Cesar Bridge,2021-05-02T21:17:00+0200,Healthcare,(314)161-2953x20297,https://www.jacksonplc.com
ACC-427,"Bowman, Torres and Hawkins",Morganfurt,Syrian Arab Republic,78164,Kansas,5254 Renee Village Suite 767,2024-09-30T00:02:00+0200,Hospitality,186-994-1043x723,"https://www.bowman,torresandhawkins.com"
ACC-428,Allen-Gay,Robertsonside,Faroe Islands,80877,Kentucky,033 Jennifer Squares,2023-07-01T01:43:00+0200,Transportation,040.636.9724x136,https://www.allen-gay.com
ACC-429,Nelson-Montoya,Riosside,Saint Lucia,59043,Wisconsin,43906 Coleman Stravenue,2021-10-08T11:44:00+0200,Retail,147.901.0568,https://www.nelson-montoya.com
ACC-430,"Downs, Williams and Bryan",Johnsonbury,United States Virgin Islands,41915,Utah,3640 Lisa Mill,2023-09-12T12:11:00+0200,Education,655-082-7162,"https://www.downs,williamsandbryan.com"
ACC-431,"Zhang, Thomas and Morales",Port Stephanieton,Ireland,16978,Indiana,12722 Kevin Courts Suite 242,2020-08-10T07:07:00+0200,Technology,+1-846-767-5580,"https://www.zhang,thomasandmorales.com"
ACC-432,Howard-Brown,Meyerport,Wallis and Futuna,55833,Idaho,84631 Buchanan Canyon Suite 835,2020-10-04T05:41:00+0200,Retail,+1-892-646-0590x222,https://www.howard-brown.com
ACC-433,Foley-Griffith,Youngland,Cocos (Keeling) Islands,29808,South Dakota,32745 Duran Mill Apt. 213,2024-01-01T11:10:00+0200,Real Estate,+1-311-964-4473x887,https://www.foley-griffith.com
ACC-434,Molina-Murphy,Samanthafort,Liberia,98539,California,974 Kathy Point Suite 385,2022-06-05T05:28:00+0200,Manufacturing,001-243-706-2338,https://www.molina-murphy.com
ACC-435,Schaefer-Harris,South Markberg,Slovakia (Slovak Republic),32555,Delaware,34682 Ryan Forges Suite 248,2023-06-06T10:32:00+0200,Transportation,001-988-320-2619x8341,https://www.schaefer-harris.com
ACC-436,Valenzuela-Herrera,New Justinview,Guam,25349,Wisconsin,607 Linda Ridge,2023-05-03T20:03:00+0200,Technology,893-283-2090x51769,https://www.valenzuela-herrera.com
ACC-437,Stephens and Sons,Brownfurt,Nepal,76788,Oregon,63387 Sharp Radial,2023-07-03T17:53:00+0200,Consulting,+1-881-939-7194x4844,https://www.stephensandsons.com
ACC-438,Cooke-Rodriguez,Jamesburgh,Philippines,73462,Kentucky,55361 Alan Plains Suite 646,2024-10-01T14:51:00+0200,Finance,357.304.4247x6604,https://www.cooke-rodriguez.com
ACC-439,"Lee, Gray and King",Amandaport,China,59875,Utah,215 Matthew Crossing Apt. 211,2022-10-12T15:58:00+0200,Finance,001-871-312-9060x90248,"https://www.lee,grayandking.com"
ACC-440,Smith Group,Victorborough,Isle of Man,85506,Delaware,32139 Walker Villages,2021-04-02T12:36:00+0200,Technology,593-147-4201x9585,https://www.smithgroup.com
ACC-441,Burton-Garcia,East Jeffreyhaven,Cyprus,1926,Indiana,187 Murray Streets,2022-03-03T04:27:00+0200,Healthcare,993-019-5622x53402,https://www.burton-garcia.com
ACC-442,Peterson-Collier,New Jessicaburgh,Cayman Islands,15926,Nebraska,9527 Wood Glen,2021-07-12T07:27:00+0200,Consulting,584.685.5076,https://www.peterson-collier.com
ACC-443,Hampton Group,Gonzalezfurt,Korea,2171,California,462 Contreras Mission,2023-06-07T00:17:00+0200,Real Estate,875-045-4873x74097,https://www.hamptongroup.com
ACC-444,Cruz and Sons,Lake David,Cote d'Ivoire,59792,Mississippi,579 Krause Point,2020-01-09T08:32:00+0200,Hospitality,+1-201-174-3894x234,https://www.cruzandsons.com
ACC-445,"Williams, Hernandez and Thomas",Amyhaven,Kyrgyz Republic,68902,Washington,669 Dale Expressway,2023-09-01T21:42:00+0200,Retail,(919)217-6633x0268,"https://www.williams,hernandezandthomas.com"
ACC-446,"Mendez, Williams and Cook",West Michaelport,British Indian Ocean Territory (Chagos Archipelago),94922,Iowa,9177 Orr Mountains,2022-06-02T04:29:00+0200,Manufacturing,420-154-4067x548,"https://www.mendez,williamsandcook.com"
ACC-447,"Martinez, Pratt and Hopkins",South Dan,Spain,19954,Wyoming,413 Weaver Plains Apt. 864,2024-09-04T00:45:00+0200,Transportation,001-572-882-3104x9905,"https://www.martinez,prattandhopkins.com"
ACC-448,"Garcia, Rogers and Oconnor",Lake Mary,Trinidad and Tobago,4081,Arkansas,509 Jeffrey Hollow Apt. 047,2021-08-05T14:42:00+0200,Real Estate,(612)924-8984,"https://www.garcia,rogersandoconnor.com"
ACC-449,Mayer-Mccoy,Weaverchester,Burkina Faso,25334,Illinois,94430 Christina Lodge Apt. 502,2023-06-08T05:03:00+0200,Finance,356.919.1505,https://www.mayer-mccoy.com
ACC-450,"Coleman, Mcclain and Reid",Lake Jacob,Argentina,50384,Virginia,590 Hicks Vista Suite 119,2020-12-09T15:47:00+0200,Manufacturing,161-514-5027x45788,"https://www.coleman,mcclainandreid.com"
ACC-451,"Bolton, Baxter and Cardenas",Angelicashire,Gibraltar,49257,Oklahoma,783 Joshua Orchard,2021-12-06T11:10:00+0200,Hospitality,(261)823-0213x1852,"https://www.bolton,baxterandcardenas.com"
ACC-452,Pratt-Powell,Jenniferstad,Grenada,51723,Louisiana,417 Farrell Gardens Suite 033,2020-01-05T11:35:00+0200,Consulting,543.614.9993,https://www.pratt-powell.com
ACC-453,Hess-Bennett,New Sara,Syrian Arab Republic,20365,Alaska,4932 Leonard Station Apt. 670,2024-04-09T23:37:00+0200,Hospitality,(563)757-9898,https://www.hess-bennett.com
ACC-454,Williams-Marquez,South Regina,Dominica,35034,Ohio,3967 Dennis Orchard,2023-03-05T09:15:00+0200,Hospitality,749.024.5782x5066,https://www.williams-marquez.com
ACC-455,Silva-Phillips,New Sandrafort,Mauritius,45688,Massachusetts,01855 Huerta Run,2022-08-12T13:45:00+0200,Healthcare,029.799.9980x754,https://www.silva-phillips.com
ACC-456,"Lee, Jensen and Williams",New Alexanderview,Sudan,55843,Iowa,913 Campbell Turnpike Apt. 102,2021-03-12T09:53:00+0200,Consulting,458.469.6127,"https://www.lee,jensenandwilliams.com"
ACC-457,Williams LLC,South Miketown,Equatorial Guinea,32006,Oregon,6037 Jacob Land Suite 675,2024-06-08T15:15:00+0200,Hospitality,+1-878-996-7504,https://www.williamsllc.com
ACC-458,Austin PLC,New Matthewchester,Wallis and Futuna,22552,New Mexico,564 Kidd Springs,2023-04-10T14:39:00+0200,Education,5939529106,https://www.austinplc.com
ACC-459,"Johnson, Watkins and Zavala",Lake Angela,Mauritius,24470,New Hampshire,6090 Schaefer Square,2020-12-05T18:31:00+0200,Transportation,+1-252-835-4784x73666,"https://www.johnson,watkinsandzavala.com"
ACC-460,"Perez, Sanchez and Parker",Christinebury,Vietnam,12846,Maine,737 Clark Cape Apt. 221,2023-05-12T23:12:00+0200,Education,001-479-933-8706x3674,"https://www.perez,sanchezandparker.com"
ACC-461,Bryant-Jackson,Carolynville,United States Minor Outlying Islands,72181,Texas,555 Bennett Locks Apt. 818,2025-01-04T09:29:00+0200,Finance,060.824.4601,https://www.bryant-jackson.com
ACC-462,Smith and Sons,New Valeriehaven,Angola,34904,Idaho,0524 Katrina Locks,2025-02-05T03:40:00+0200,Retail,(758)570-1114x6477,https://www.smithandsons.com
ACC-463,Williams LLC,Port Melanie,Bahamas,76414,Alaska,0843 Jason Squares,2024-09-09T01:38:00+0200,Manufacturing,624.954.6524x76000,https://www.williamsllc.com
ACC-464,Reid LLC,North Julia,United States of America,59631,Vermont,59025 Vickie Road,2022-02-01T12:42:00+0200,Transportation,840-148-1123x13931,https://www.reidllc.com
ACC-465,Perez-Mckinney,Gardnerfurt,Lebanon,53576,West Virginia,817 West Divide Suite 746,2020-08-09T14:48:00+0200,Hospitality,001-428-373-5494x0647,https://www.perez-mckinney.com
ACC-466,"Daniels, Mahoney and Boyd",Port Kaitlyn,Nepal,90431,Missouri,282 Parker Neck,2023-09-06T09:51:00+0200,Transportation,001-370-865-6934,"https://www.daniels,mahoneyandboyd.com"
ACC-467,"Lewis, Ross and Weiss",North Jeremy,Eritrea,59492,Alaska,4771 Hall Flats Suite 337,2023-07-11T02:05:00+0200,Transportation,063.743.1961x66540,"https://www.lewis,rossandweiss.com"
ACC-468,"Smith, Hess and Harrell",Scottview,Libyan Arab Jamahiriya,51413,Kentucky,507 Tommy Mission,2022-06-08T04:41:00+0200,Hospitality,913-800-6086x9420,"https://www.smith,hessandharrell.com"
ACC-469,"Davis, Smith and Booker",New Denise,Jamaica,24455,Wisconsin,08178 Knight Parkways Apt. 907,2024-02-03T23:44:00+0200,Finance,7732678539,"https://www.davis,smithandbooker.com"
ACC-470,Richardson PLC,West Zachary,Venezuela,91143,Illinois,392 Moran Passage Suite 950,2024-11-11T02:15:00+0200,Technology,+1-296-552-1812x823,https://www.richardsonplc.com
ACC-471,Dalton-Shaw,Hickmanborough,Holy See (Vatican City State),20251,Vermont,152 Coffey Point Suite 145,2020-10-11T22:02:00+0200,Technology,001-665-254-6567x04296,https://www.dalton-shaw.com
ACC-472,Adams Ltd,Tommystad,Ukraine,96675,Oregon,716 Francis Branch,2020-01-09T04:52:00+0200,Finance,(307)947-8486x41648,https://www.adamsltd.com
ACC-473,Calderon-Lamb,Harrisburgh,Venezuela,5603,Pennsylvania,2537 Wheeler Mountain,2022-09-03T20:15:00+0200,Transportation,290.788.1718x519,https://www.calderon-lamb.com
ACC-474,Stevenson-Burns,Marvinfort,South Africa,1558,Wyoming,010 Dunn Land,2020-11-01T20:26:00+0200,Manufacturing,+1-201-110-3929x41757,https://www.stevenson-burns.com
ACC-475,"Moore, Hensley and Owens",South Ronaldshire,Netherlands Antilles,53585,Ohio,4147 Destiny Burgs,2024-03-13T01:25:00+0200,Technology,674.610.0145,"https://www.moore,hensleyandowens.com"
ACC-476,"Miranda, Jones and Walters",Lake Joseph,Comoros,92992,South Dakota,1950 Spencer Underpass,2022-12-02T10:12:00+0200,Transportation,067.647.0450x037,"https://www.miranda,jonesandwalters.com"
ACC-477,"Jones, Burke and Durham",Lake Michael,Tokelau,39526,New Mexico,23572 Oliver Plains Suite 477,2022-01-05T21:38:00+0200,Retail,010.068.5229x229,"https://www.jones,burkeanddurham.com"
ACC-478,Pugh-Bailey,Port Julia,Saint Martin,68976,Colorado,206 Jacqueline Vista Apt. 471,2021-03-04T17:50:00+0200,Technology,315.793.5428,https://www.pugh-bailey.com
ACC-479,Fischer PLC,Simmonsport,Haiti,35908,Colorado,43934 Nelson Motorway Apt. 191,2022-07-03T10:29:00+0200,Transportation,+1-865-083-0948x587,https://www.fischerplc.com
ACC-480,"Perez, Brown and Browning",Teresaside,Finland,59268,Connecticut,1908 Gregory Circles,2020-05-05T02:05:00+0200,Education,(371)776-3757,"https://www.perez,brownandbrowning.com"
ACC-481,Scott-Rowe,West Josephmouth,Pitcairn Islands,54815,South Carolina,788 Barrera Passage,2021-01-11T12:47:00+0200,Education,(354)335-4318x77709,https://www.scott-rowe.com
ACC-482,"Arnold, Smith and Hoffman",New Lauren,Oman,49265,New Jersey,6867 Gutierrez Island,2021-03-07T21:11:00+0200,Finance,4766836406,"https://www.arnold,smithandhoffman.com"
ACC-483,Perez-Brooks,Lake Luis,French Southern Territories,11924,Pennsylvania,09565 Melissa Motorway,2020-11-11T08:28:00+0200,Finance,+1-262-666-2204x9693,https://www.perez-brooks.com
ACC-484,Sanchez Ltd,Nolanshire,Saint Helena,31881,Idaho,5349 Kristen Circle,2020-03-06T05:53:00+0200,Finance,(944)902-6283x23667,https://www.sanchezltd.com
ACC-485,Deleon LLC,Hollyton,Cyprus,22982,Hawaii,6626 Harvey Center Suite 251,2020-01-06T06:27:00+0200,Education,(219)890-6272x88541,https://www.deleonllc.com
ACC-486,Mcfarland-Green,New Emilychester,Macedonia,77349,Mississippi,65216 Katelyn Fort Suite 102,2025-01-03T19:09:00+0200,Transportation,157-884-3642x3630,https://www.mcfarland-green.com
ACC-487,Valentine LLC,North Shelly,Austria,94657,North Carolina,38195 Cox Camp,2024-02-06T12:29:00+0200,Manufacturing,702.715.8504,https://www.valentinellc.com
ACC-488,Vasquez Ltd,Port Pamela,French Guiana,90063,North Carolina,685 Hudson Island,2023-09-11T07:23:00+0200,Consulting,12-22-58,https://www.vasquezltd.com
ACC-489,Simpson-Ashley,Stephaniehaven,Cote d'Ivoire,98641,Kansas,936 Samantha Crescent Apt. 677,2021-09-06T02:17:00+0200,Hospitality,(457)214-2281x18947,https://www.simpson-ashley.com
ACC-490,Gibson PLC,North Bernardfurt,Antigua and Barbuda,34109,Alaska,535 Meagan Burgs,2020-08-02T07:25:00+0200,Retail,741-540-9406x606,https://www.gibsonplc.com
ACC-491,Thomas Group,Garciahaven,Svalbard & Jan Mayen Islands,9167,New Hampshire,44683 Tiffany Fort Apt. 951,2020-02-10T05:03:00+0200,Healthcare,769-963-4776x7483,https://www.thomasgroup.com
ACC-492,"Stewart, Stewart and Torres",Lauriefurt,Armenia,59886,Kentucky,6708 Smith Ridge,2021-10-10T01:52:00+0200,Technology,(364)333-3431,"https://www.stewart,stewartandtorres.com"
ACC-493,Gutierrez Ltd,Port Aliciaberg,Estonia,51997,Pennsylvania,239 Ryan Course Suite 560,2025-02-12T00:44:00+0200,Consulting,+1-154-100-9467x323,https://www.gutierrezltd.com
ACC-494,Moss Inc,North Jamie,Ukraine,20187,Delaware,7254 Bradley Streets,2021-02-28T22:21:00+0200,Real Estate,001-986-314-3682x77785,https://www.mossinc.com
ACC-495,Miller and Sons,Port Meghanhaven,Ecuador,84421,Massachusetts,6044 Nelson Shores,2021-02-11T06:44:00+0200,Finance,745-862-4647,https://www.millerandsons.com
ACC-496,Gonzalez-Blake,Ryanhaven,Djibouti,87284,Pennsylvania,085 Judith Freeway,2024-01-07T07:36:00+0200,Healthcare,(732)423-0233x18746,https://www.gonzalez-blake.com
ACC-497,Nguyen-Gonzalez,East Ericport,American Samoa,76737,Alaska,467 Cheyenne Mews Apt. 462,2024-12-13T06:53:00+0200,Finance,806.220.9456,https://www.nguyen-gonzalez.com
ACC-498,Mcmillan PLC,Port Jason,Puerto Rico,37597,Indiana,696 Harrington Walk Apt. 663,2023-05-10T06:47:00+0200,Retail,9685960921,https://www.mcmillanplc.com
ACC-499,Alexander-Farley,Port Laura,Niger,79995,Texas,8624 Patricia Plaza,2022-02-10T14:03:00+0200,Real Estate,(859)652-0041,https://www.alexander-farley.com
ACC-500,"Arnold, Walker and Gordon",Murrayville,Guyana,8903,Arkansas,195 Tara Avenue,2023-03-12T19:25:00+0200,Healthcare,+1-559-992-7405,"https://www.arnold,walkerandgordon.com"