Account.ExternalID__c,Email,ExternalID__c,CreatedDate,Department,FirstName,LastName,MailingCity,MailingStreet,MobilePhone,Name,Title
ACC-1,Debra.Mercer@DuarteGroup.com,Conct-1,2024-01-04T08:37:00+0200,Engineering,Debra,Mercer,Richardhaven,320 Thomas Drives,001-783-706-4241x392,Debra Mercer,Executive
ACC-2,Aaron.Ortiz@OwensPLC.ia,Conct-2,2024-05-08T08:19:00+0200,Operations,Aaron,Ortiz,Thomasport,71015 Amber Fall,+1-090-969-2846x5779,Aaron Ortiz,Specialist
ACC-3,Patricia.Perez@StaffordandSons.com,Conct-3,2020-12-10T06:31:00+0200,Marketing,Patricia,Perez,Carriefort,982 Frazier Island,001-919-862-1586x4155,Patricia Perez,Manager
ACC-4,Kathy.Osborne@WilliamsInc.com,Conct-4,2020-09-02T12:17:00+0200,Operations,Kathy,Osborne,West Sarafort,09727 Melissa Meadows,577.631.4016x6942,Kathy Osborne,Consultant
ACC-5,Stacey.Wilson@MckeePLC.com,Conct-5,2022-10-04T12:17:00+0200,HR,Stacey,Wilson,Lake Derrick,2365 Laura Rapid Apt. 762,729-580-6758x1632,Stacey Wilson,Executive
ACC-6,Matthew.Garrett@Barker-Robles.us,Conct-6,2022-04-09T10:38:00+0200,Engineering,Matthew,Garrett,Brendafort,20416 Ray Island Apt. 187,(903)564-2967,Matthew Garrett,Manager
ACC-7,Felicia.Carter@GonzalesInc.org,Conct-7,2020-10-03T00:47:00+0200,HR,Felicia,Carter,Lawsonton,92407 Fischer Trafficway,360-201-4027,Felicia Carter,Manager
ACC-8,Manuel.Mendoza@MartinezPayneandWeber.com,Conct-8,2021-05-06T13:14:00+0200,Engineering,Manuel,Mendoza,Thomasstad,3572 Brown Forks,(303)264-2830x9524,Manuel Mendoza,Coordinator
ACC-9,Matthew.Martin@SmithGroup.com,Conct-9,2020-11-30T00:31:00+0200,Finance,Matthew,Martin,Yatesberg,0465 Nicole Hills,+1-076-620-1093,Matthew Martin,Consultant
ACC-9,David.Copeland@SmithGroup.com,Conct-10,2020-12-10T23:37:00+0200,Sales,David,Copeland,Lake Taramouth,586 Owens Streets Apt. 585,524.773.0198,David Copeland,Analyst
ACC-10,Matthew.Abbott@MurphyPLC.ia,Conct-11,2025-01-08T20:44:00+0200,Marketing,Matthew,Abbott,Sandrahaven,384 Beth Route Suite 285,(879)149-2059x5232,Matthew Abbott,Executive
ACC-10,Kenneth.Trevino@MurphyPLC.ia,Conct-12,2021-08-02T14:53:00+0200,Engineering,Kenneth,Trevino,Matthewfurt,202 Leach Burg,(465)444-5815x295,Kenneth Trevino,Coordinator
ACC-11,Catherine.Pitts@PhamLtd.ia,Conct-13,2020-09-01T01:00:00+0200,HR,Catherine,Pitts,West Timothyport,703 Tonya Garden Apt. 268,001-582-116-7921x9954,Catherine Pitts,Coordinator
ACC-12,Helen.Nixon@Becker-Hunt.us,Conct-14,2020-08-05T20:32:00+0200,Operations,Helen,Nixon,Robertafurt,942 Johnson Spurs,714.008.9618x63303,Helen Nixon,Director
ACC-13,Christine.Molina@Mckinney-Young.com,Conct-15,2022-12-11T00:51:00+0200,Finance,Christine,Molina,West Thomasshire,72294 Wise Squares,+1-517-690-2707x766,Christine Molina,Coordinator
ACC-14,Michael.Luna@GatesInc.org,Conct-16,2023-08-08T00:56:00+0200,Sales,Michael,Luna,Josephton,80838 Samuel Shores Apt. 631,197-394-5444x13571,Michael Luna,Analyst
ACC-15,Lisa.Lopez@Moon-Little.ia,Conct-17,2023-07-01T04:07:00+0200,Support,Lisa,Lopez,Josephport,520 Theresa Mills Apt. 400,001-899-776-9761,Lisa Lopez,Manager
ACC-16,Vanessa.Cameron@CummingsKramerandThompson.com,Conct-18,2022-09-11T13:47:00+0200,Sales,Vanessa,Cameron,Parkfort,57336 Proctor Vista Suite 046,5494198339,Vanessa Cameron,Director
ACC-17,Courtney.West@WilsonPageandMorris.com,Conct-19,2022-05-05T16:25:00+0200,Operations,Courtney,West,Kellyborough,66980 Pennington Ways,001-923-578-7568,Courtney West,Coordinator
ACC-18,Rachel.Nguyen@JonesMoralesandRowe.com,Conct-20,2024-08-01T11:03:00+0200,Marketing,Rachel,Nguyen,Lake Nicolemouth,561 Benjamin Crossroad Suite 845,550-103-3169x01970,Rachel Nguyen,Analyst
ACC-19,Kristy.Bennett@BurchandSons.us,Conct-21,2024-02-01T02:44:00+0200,Marketing,Kristy,Bennett,Lake Jimmymouth,819 Mccullough Avenue,(468)546-4288x405,Kristy Bennett,Manager
ACC-20,Michael.Hill@Mitchell-Roberts.ia,Conct-22,2021-05-12T18:24:00+0200,Support,Michael,Hill,South Oscar,351 Villa Common,221.544.8405,Michael Hill,Executive
ACC-21,Melissa.Rivera@BrownLLC.us,Conct-23,2020-04-09T12:51:00+0200,Finance,Melissa,Rivera,West Lisa,996 Jennifer Via,865-038-0775,Melissa Rivera,Consultant
ACC-21,Melissa.Simon@BrownLLC.us,Conct-24,2025-02-02T23:03:00+0200,Finance,Melissa,Simon,West Samanthashire,053 Le Lodge,245-519-7551x51435,Melissa Simon,Coordinator
ACC-21,Frank.Hurst@BrownLLC.us,Conct-25,2024-04-04T06:58:00+0200,Sales,Frank,Hurst,West Victor,39584 Barnes Row,968-436-8353,Frank Hurst,Analyst
ACC-21,Robert.Yu@BrownLLC.us,Conct-26,2023-06-02T14:08:00+0200,Finance,Robert,Yu,Lake Darinburgh,749 Annette Knolls Suite 161,(581)618-4435x5310,Robert Yu,Analyst
ACC-22,Nancy.Butler@Boyd-Blake.us,Conct-27,2020-12-04T01:54:00+0200,HR,Nancy,Butler,Pricechester,389 Cohen Falls,471.150.2640,Nancy Butler,Manager
ACC-23,Michael.Johnson@JacksonValdezandMorgan.com,Conct-28,2021-07-11T06:29:00+0200,Marketing,Michael,Johnson,East Stacy,7478 Bobby Mountains,(929)925-3408x57158,Michael Johnson,Coordinator
ACC-24,Tony.Shelton@Eaton-Brown.com,Conct-29,2023-08-09T11:23:00+0200,HR,Tony,Shelton,Brendashire,209 Charles Ways,+1-070-347-7978x201,Tony Shelton,Director
ACC-25,Amber.Gallagher@Hamilton-Newton.org,Conct-30,2020-05-07T15:40:00+0200,Sales,Amber,Gallagher,Hayesside,487 Melissa Mission,+1-768-560-1718x88271,Amber Gallagher,Coordinator
ACC-26,Jack.Castro@ClarkLLC.us,Conct-31,2024-11-30T17:12:00+0200,Sales,Jack,Castro,South Carlyland,20005 Gonzalez Isle,496-301-2258x6475,Jack Castro,Director
ACC-27,Maria.Goodman@GonzalezLtd.org,Conct-32,2021-12-05T06:20:00+0200,Finance,Maria,Goodman,Davidton,546 Jenna Crescent,931-224-7553x0885,Maria Goodman,Manager
ACC-28,Nicole.Rojas@HullPorterandLewis.org,Conct-33,2023-01-11T08:21:00+0200,Support,Nicole,Rojas,East Sarahfurt,30145 Jeanette Groves Suite 274,001-956-478-6519x5311,Nicole Rojas,Executive
ACC-29,Juan.Mccann@PooleLeeandJackson.ia,Conct-34,2024-02-29T16:47:00+0200,Engineering,Juan,Mccann,Port Matthew,61809 Fields Terrace,484-052-6861,Juan Mccann,Analyst
ACC-30,Ariel.Daniels@SimmonsInc.com,Conct-35,2022-04-09T13:30:00+0200,Operations,Ariel,Daniels,Paulview,008 Smith Cliff,1160261839,Ariel Daniels,Specialist
ACC-31,Jill.Cantrell@PetersonBallardandLeonard.ia,Conct-36,2020-07-04T20:10:00+0200,Finance,Jill,Cantrell,Isaacbury,390 Evans Streets Apt. 336,3391442173,Jill Cantrell,Analyst
ACC-32,Rebecca.Gonzales@AvilaMaldonadoandSalinas.us,Conct-37,2022-01-07T08:32:00+0200,Finance,Rebecca,Gonzales,Harrisonborough,521 Thornton Rest,324.842.3225x89125,Rebecca Gonzales,Director
ACC-33,William.Ryan@Gates-Casey.org,Conct-38,2023-05-12T16:02:00+0200,Marketing,William,Ryan,Medinaport,19945 Rebecca Harbor Suite 728,825938140,William Ryan,Director
ACC-34,Christina.Bond@ThomasBurkeandOrozco.com,Conct-39,2025-03-01T18:17:00+0200,Marketing,Christina,Bond,Mariaburgh,7493 Megan Corner,994-851-5510,Christina Bond,Manager
ACC-35,Rebecca.Lopez@ScottRandallandWarren.com,Conct-40,2023-03-12T22:12:00+0200,Operations,Rebecca,Lopez,West Whitney,0923 Parks Forges Suite 403,2128537295,Rebecca Lopez,Consultant
ACC-36,Michelle.Phillips@BruceGroup.us,Conct-41,2020-07-07T09:44:00+0200,Finance,Michelle,Phillips,North Karenfurt,2933 Mills Lock,6337419182,Michelle Phillips,Director
ACC-37,Ashley.Cooper@AndersonandSons.us,Conct-42,2023-12-02T02:28:00+0200,Operations,Ashley,Cooper,Patriciaville,867 Singh Mission,404.784.4221,Ashley Cooper,Specialist
ACC-38,Diana.Thomas@BarrReynoldsandJohnson.us,Conct-43,2020-04-11T23:39:00+0200,Marketing,Diana,Thomas,New Kristopherview,311 Woods Via,+1-685-947-5686,Diana Thomas,Director
ACC-39,Theresa.Hanna@Thompson-Harris.com,Conct-44,2024-01-01T09:40:00+0200,Finance,Theresa,Hanna,East Elizabethborough,258 Myers Parkways,917-223-1446x372,Theresa Hanna,Manager
ACC-40,Elizabeth.Hall@Vasquez-Allen.com,Conct-45,2025-02-02T01:20:00+0200,Engineering,Elizabeth,Hall,Williammouth,53077 Smith Squares Suite 337,001-117-916-1939x271,Elizabeth Hall,Manager
ACC-41,Heather.Lopez@Wall-Flores.com,Conct-46,2024-04-03T17:01:00+0200,Marketing,Heather,Lopez,Lake Jonathon,115 Michelle Locks Apt. 531,001-654-396-6504x586,Heather Lopez,Executive
ACC-42,Francisco.Shaffer@Sherman-Brown.com,Conct-47,2023-11-11T18:49:00+0200,Finance,Francisco,Shaffer,Fowlerburgh,48105 Dustin Cliff,109-311-5129x6536,Francisco Shaffer,Executive
ACC-43,Kenneth.Chase@Kelley-Martin.com,Conct-48,2023-03-12T04:12:00+0200,HR,Kenneth,Chase,Wheelerfurt,86605 Rodriguez Springs,001-090-037-4737x258,Kenneth Chase,Manager
ACC-44,David.Sims@JonesPLC.com,Conct-49,2025-01-03T21:24:00+0200,Support,David,Sims,Olsenland,8242 Kennedy Ridges,(989)354-1102x94865,David Sims,Specialist
ACC-45,Joseph.Smith@Mcgee-Wilkinson.com,Conct-50,2021-11-05T03:08:00+0200,Finance,Joseph,Smith,North Jessica,3694 Williams Junction Suite 814,001-200-858-5793,Joseph Smith,Manager
ACC-46,Elizabeth.Dudley@StephensGibsonandBrooks.com,Conct-51,2020-04-10T02:50:00+0200,Operations,Elizabeth,Dudley,Adamfort,8920 Dominguez Plains Suite 192,+1-814-668-9729x440,Elizabeth Dudley,Director
ACC-47,Christian.Cook@EdwardsPLC.com,Conct-52,2022-12-10T22:47:00+0200,HR,Christian,Cook,South John,313 Janice Path,855.820.1899x4740,Christian Cook,Consultant
ACC-48,Eric.Hayden@DavisMooreandOconnor.com,Conct-53,2024-09-01T01:45:00+0200,Sales,Eric,Hayden,West Kendra,9619 Acevedo Ridges,350.869.6884x9819,Eric Hayden,Executive
ACC-49,Mackenzie.Duncan@Mitchell-Dean.ia,Conct-54,2024-07-02T18:04:00+0200,Marketing,Mackenzie,Duncan,North Briantown,064 Ho Manors Apt. 803,+1-706-661-7398x862,Mackenzie Duncan,Coordinator
ACC-50,Brooke.Finley@SuttonPetersandWilliams.com,Conct-55,2024-04-07T02:26:00+0200,Finance,Brooke,Finley,Raymondfort,919 Michelle Brooks Apt. 141,(273)708-7350x128,Brooke Finley,Consultant
ACC-51,Miguel.Bailey@JohnsonLtd.com,Conct-56,2020-07-01T19:34:00+0200,Support,Miguel,Bailey,Bennettberg,31406 Arellano Junctions Apt. 379,001-031-632-1953x75091,Miguel Bailey,Analyst
ACC-51,Terrance.Scott@JohnsonLtd.com,Conct-57,2021-03-10T07:56:00+0200,Sales,Terrance,Scott,Kristinaport,2721 Bates Plains Suite 812,584-314-1813x642,Terrance Scott,Manager
ACC-52,Benjamin.Velez@OrrLongandWashington.ia,Conct-58,2021-05-05T20:17:00+0200,Sales,Benjamin,Velez,Blairside,961 Dana Grove,(995)427-2739x255,Benjamin Velez,Coordinator
ACC-53,Mary.Woodward@Vazquez-Martinez.com,Conct-59,2024-04-07T04:52:00+0200,Finance,Mary,Woodward,New Joshuabury,90428 Alison Fall Suite 373,34322,Mary Woodward,Analyst
ACC-54,Jerry.Aguirre@MorganLLC.ia,Conct-60,2020-04-04T04:05:00+0200,Sales,Jerry,Aguirre,East Briannafort,03024 Thomas Roads Apt. 635,001-181-608-6474x033,Jerry Aguirre,Coordinator
ACC-55,Leslie.Brown@RothandSons.com,Conct-61,2020-10-09T01:47:00+0200,Engineering,Leslie,Brown,East Kristinside,22889 Lance Lakes Apt. 094,+1-245-166-7129,Leslie Brown,Coordinator
ACC-56,Maria.Cox@JenkinsInc.com,Conct-62,2024-12-04T00:08:00+0200,Finance,Maria,Cox,Jaclynberg,6135 Todd Club Apt. 841,+1-902-944-9421x120,Maria Cox,Director
ACC-57,Joyce.Garcia@GloverWilliamsonandOrozco.org,Conct-63,2021-07-10T22:59:00+0200,Finance,Joyce,Garcia,South Andrewmouth,2870 Jeffrey Crossroad,92864696,Joyce Garcia,Specialist
ACC-58,Alexis.Fernandez@ScottMcmahonandOlson.com,Conct-64,2024-11-08T07:14:00+0200,Sales,Alexis,Fernandez,Lake Julianbury,2720 Wang Crossing Apt. 235,9858934991,Alexis Fernandez,Executive
ACC-59,Colin.Powers@WilliamsCampbellandBrown.com,Conct-65,2021-04-04T04:02:00+0200,Finance,Colin,Powers,North John,67396 Johnson Drive,(663)319-4506,Colin Powers,Executive
ACC-60,Richard.Roberts@SalasPLC.com,Conct-66,2020-11-04T15:42:00+0200,Finance,Richard,Roberts,Keithshire,858 Crosby Viaduct Apt. 258,2611779196,Richard Roberts,Executive
ACC-61,Matthew.Wells@HallPearsonandVaughn.org,Conct-67,2023-12-05T16:54:00+0200,Marketing,Matthew,Wells,Lake Jose,595 Hale Drives,+1-367-205-8623x7600,Matthew Wells,Analyst
ACC-62,Russell.Wells@Dominguez-Thomas.com,Conct-68,2023-02-10T04:18:00+0200,Operations,Russell,Wells,Melaniefort,214 Brandon Shoals,+1-242-143-9141x20689,Russell Wells,Specialist
ACC-63,Heather.Fuentes@Murphy-Martinez.ia,Conct-69,2020-01-08T09:40:00+0200,HR,Heather,Fuentes,Robertside,2788 Richard Lock,6161303562,Heather Fuentes,Manager
ACC-64,Nicole.Harrison@EvansandSons.org,Conct-70,2024-03-03T19:16:00+0200,Sales,Nicole,Harrison,Nancyville,450 Crawford Alley Suite 912,001-464-059-4797x5949,Nicole Harrison,Executive
ACC-65,Haley.Williams@GloverBishopandOneill.org,Conct-71,2021-01-01T09:49:00+0200,Marketing,Haley,Williams,Williefurt,31281 Harris Greens,4978655907,Haley Williams,Consultant
ACC-66,Belinda.Gutierrez@McdonaldEvansandGriffin.com,Conct-72,2022-03-06T04:32:00+0200,Sales,Belinda,Gutierrez,Crystalstad,23875 Karen Island,693-880-9617x6219,Belinda Gutierrez,Analyst
ACC-67,Sharon.Elliott@WilsonDaltonandThompson.com,Conct-73,2021-06-11T22:52:00+0200,Sales,Sharon,Elliott,Beckermouth,1516 Tracy Freeway,8974695538,Sharon Elliott,Consultant
ACC-68,Christopher.Williamson@Mann-Jensen.com,Conct-74,2023-01-08T23:30:00+0200,HR,Christopher,Williamson,Kariview,2826 Crawford Lodge Suite 933,(304)160-2418,Christopher Williamson,Specialist
ACC-69,Jeffrey.Gutierrez@NobleLtd.ia,Conct-75,2020-05-07T00:15:00+0200,Sales,Jeffrey,Gutierrez,Amandastad,7538 Miller Avenue,327-732-3883x59577,Jeffrey Gutierrez,Consultant
ACC-70,Paul.Schmidt@MillerHunterandSchultz.ia,Conct-76,2022-09-10T23:10:00+0200,Support,Paul,Schmidt,Jaredview,9571 Peck Extensions,001-816-069-8304x5928,Paul Schmidt,Analyst
ACC-71,Diana.Lopez@Cole-Pena.com,Conct-77,2022-12-01T04:00:00+0200,Engineering,Diana,Lopez,Anthonyfort,639 Linda Radial Suite 893,8537989056,Diana Lopez,Consultant
ACC-72,Alex.Whitaker@RowlandSmithandChase.com,Conct-78,2023-02-28T13:30:00+0200,Finance,Alex,Whitaker,West Dianabury,44433 Smith Forge Suite 721,+1-046-003-0134x723,Alex Whitaker,Specialist
ACC-73,Henry.Wood@SmithandSons.com,Conct-79,2023-09-11T13:16:00+0200,Finance,Henry,Wood,Williamview,79155 Mcguire Heights Apt. 887,001-737-396-2135x723,Henry Wood,Director
ACC-73,Monica.Hopkins@SmithandSons.com,Conct-80,2020-10-10T00:36:00+0200,Engineering,Monica,Hopkins,Veronicachester,93903 Cory Plain Apt. 438,(930)873-9590x37618,Monica Hopkins,Consultant
ACC-73,Sheila.Moon@SmithandSons.com,Conct-81,2024-05-10T17:10:00+0200,Operations,Sheila,Moon,South Ronaldbury,988 Miller Street,(272)735-0037x1722,Sheila Moon,Manager
ACC-74,Brian.Rhodes@CrossFowlerandGarcia.com,Conct-82,2024-04-02T23:03:00+0200,Support,Brian,Rhodes,Jessicaborough,671 Moyer Lights,001-191-545-8148x3854,Brian Rhodes,Executive
ACC-75,James.Williams@Nelson-Scott.ia,Conct-83,2024-01-03T00:47:00+0200,Engineering,James,Williams,West Kennethshire,4344 Lynn Port Apt. 464,(652)421-2009,James Williams,Manager
ACC-76,Daniel.Manning@WaltersGroup.com,Conct-84,2020-06-05T08:06:00+0200,Engineering,Daniel,Manning,East Susanbury,3658 Mosley Locks Apt. 668,(384)876-4376,Daniel Manning,Coordinator
ACC-77,Scott.Griffin@DavisPierceandYoung.com,Conct-85,2024-09-06T08:10:00+0200,Engineering,Scott,Griffin,Jorgehaven,4961 Joseph Greens Suite 737,+1-373-798-4906,Scott Griffin,Analyst
ACC-78,Vanessa.Horne@TaylorKnoxandFlores.com,Conct-86,2025-02-05T08:46:00+0200,Sales,Vanessa,Horne,Johnside,851 Amanda Walk Suite 456,001-221-328-4584,Vanessa Horne,Director
ACC-79,Brad.Smith@SparksLLC.com,Conct-87,2023-04-05T05:30:00+0200,Finance,Brad,Smith,Wolfeside,34696 Sullivan Green Suite 036,(114)967-1626,Brad Smith,Specialist
ACC-80,Erin.Kennedy@DavisAcostaandRogers.com,Conct-88,2022-04-04T12:11:00+0200,Sales,Erin,Kennedy,South Christopherstad,24555 Gomez Villages,952.519.8933x7080,Erin Kennedy,Specialist
ACC-81,Daniel.Wagner@AcostaInc.us,Conct-89,2022-06-03T06:51:00+0200,HR,Daniel,Wagner,New Dylanfurt,9471 Kerri Shoal Suite 544,223-053-0214,Daniel Wagner,Consultant
ACC-82,John.Miller@Owens-Sanchez.ia,Conct-90,2025-02-01T08:51:00+0200,Marketing,John,Miller,Lake Richardhaven,338 Miller Courts,544-518-2002,John Miller,Consultant
ACC-83,Barry.Christensen@DoyleLeeandHutchinson.com,Conct-91,2023-05-31T00:31:00+0200,Finance,Barry,Christensen,Heatherport,49397 Cynthia Turnpike Apt. 613,129-198-8493,Barry Christensen,Consultant
ACC-84,Julie.Martinez@Ross-Reed.com,Conct-92,2024-05-01T13:38:00+0200,Sales,Julie,Martinez,Joemouth,820 Anderson Avenue Apt. 230,(763)847-3441,Julie Martinez,Executive
ACC-85,Ryan.Hoffman@GuerreroBondandDelgado.org,Conct-93,2020-12-13T04:57:00+0200,Sales,Ryan,Hoffman,New Lindsay,96506 Nicole View Suite 047,891.312.9693x75968,Ryan Hoffman,Analyst
ACC-86,Martha.Rodriguez@WaltersConnerandGonzalez.com,Conct-94,2024-12-12T03:31:00+0200,Support,Martha,Rodriguez,Carrshire,216 Pennington Inlet,001-153-463-8439x97991,Martha Rodriguez,Coordinator
ACC-87,Jamie.Rogers@Smith-Peterson.com,Conct-95,2023-07-06T08:59:00+0200,Support,Jamie,Rogers,Jefferyberg,501 Perez Rue,(502)181-4648,Jamie Rogers,Analyst
ACC-88,Larry.David@RodriguezWagnerandGreen.com,Conct-96,2021-02-09T16:50:00+0200,Sales,Larry,David,West Haileyport,91471 Richard Inlet,827.848.8805x05993,Larry David,Analyst
ACC-89,Tara.Gonzales@GrimesKellerandAdams.org,Conct-97,2022-11-01T05:35:00+0200,HR,Tara,Gonzales,West Davidville,080 Joseph Mill Suite 945,(313)324-6463,Tara Gonzales,Director
ACC-90,Joshua.Ray@PricePLC.ia,Conct-98,2024-09-08T09:04:00+0200,Sales,Joshua,Ray,North Michael,8177 Smith Burgs Suite 199,(227)977-3983x330,Joshua Ray,Manager
ACC-91,Rodney.Wolf@RobinsonMorganandCampos.com,Conct-99,2024-03-01T03:13:00+0200,Engineering,Rodney,Wolf,New Ricardoview,00482 Katherine Stream Apt. 203,+1-211-398-9736x1608,Rodney Wolf,Specialist
ACC-92,Rick.Lloyd@SawyerInc.com,Conct-100,2021-06-07T04:02:00+0200,Operations,Rick,Lloyd,North Shannonshire,522 White Route,+1-524-080-4934x9971,Rick Lloyd,Analyst
ACC-93,Christina.Wilson@Gray-Gordon.org,Conct-101,2025-03-05T22:47:00+0200,Marketing,Christina,Wilson,Port Pamelashire,96221 Michael Via,078-800-3794,Christina Wilson,Director
ACC-94,Thomas.Bartlett@ScottKirbyandTaylor.com,Conct-102,2023-11-10T04:45:00+0200,Engineering,Thomas,Bartlett,South Tracyport,29908 Wilson Brooks Apt. 136,(098)659-4437,Thomas Bartlett,Coordinator
ACC-96,Michael.Wilson@Gardner-Johnson.org,Conct-103,2021-12-08T15:11:00+0200,HR,Michael,Wilson,New John,1722 Smith Station,(888)164-9889,Michael Wilson,Manager
ACC-97,David.Morrow@Ward-Sanchez.com,Conct-104,2021-09-12T20:23:00+0200,Marketing,David,Morrow,North Juliefort,9143 Khan Coves Suite 519,+1-772-806-1195x722,David Morrow,Coordinator
ACC-98,Molly.Bonilla@Marsh-Johnson.com,Conct-105,2024-12-02T23:19:00+0200,HR,Molly,Bonilla,Lake Nicholas,84991 Lisa Lakes,(215)066-2174x5502,Molly Bonilla,Director
ACC-99,Rebecca.Espinoza@YoungandSons.com,Conct-106,2020-08-01T01:21:00+0200,Finance,Rebecca,Espinoza,Port Michaelview,879 Johnson Villages Apt. 368,041.681.2432x981,Rebecca Espinoza,Specialist
ACC-100,Stacy.Moore@Walker-Waters.com,Conct-107,2021-11-10T23:32:00+0200,Finance,Stacy,Moore,Michaelberg,49637 Ashley Causeway,(972)525-9920x44622,Stacy Moore,Consultant
ACC-101,Karen.Roberts@SmithLtd.com,Conct-108,2020-03-31T11:19:00+0200,Sales,Karen,Roberts,Jordanville,256 Torres Gardens,7382407493,Karen Roberts,Analyst
ACC-101,Jasmin.Gonzales@SmithLtd.com,Conct-109,2020-04-02T15:47:00+0200,Operations,Jasmin,Gonzales,East Beth,5240 Jose Park Suite 927,+1-714-187-7154x912,Jasmin Gonzales,Analyst
ACC-101,Gerald.Smith@SmithLtd.com,Conct-110,2024-03-02T04:59:00+0200,Marketing,Gerald,Smith,Riveraton,810 Ashley Parks Suite 452,591.564.3006x711,Gerald Smith,Manager
ACC-102,Lisa.Mitchell@BradfordLtd.us,Conct-111,2022-01-04T14:53:00+0200,Marketing,Lisa,Mitchell,Murphychester,7507 Conley Streets,031.882.4461x8832,Lisa Mitchell,Coordinator
ACC-103,Omar.Deleon@WhiteheadJonesandMarshall.com,Conct-112,2021-08-06T08:19:00+0200,Finance,Omar,Deleon,New Katherine,707 Yolanda Union Apt. 436,708.476.9208x161,Omar Deleon,Director
ACC-104,Kyle.Cox@WhiteWeaverandWalker.com,Conct-113,2024-02-10T06:45:00+0200,Operations,Kyle,Cox,Georgestad,4958 Meagan Flats Apt. 616,(402)819-4365x882,Kyle Cox,Executive
ACC-105,Justin.Sutton@PatrickandSons.ia,Conct-114,2024-10-03T06:36:00+0200,Engineering,Justin,Sutton,Hernandezburgh,28714 Laurie Lodge Suite 614,(412)937-0834x363,Justin Sutton,Consultant
ACC-106,Stephen.Richardson@HarrisonLopezandGonzales.org,Conct-115,2020-02-01T14:46:00+0200,Engineering,Stephen,Richardson,Lake Alicia,89500 Mark Fields,3957388983,Stephen Richardson,Consultant
ACC-107,William.Russell@HillRobbinsandRamirez.org,Conct-116,2022-11-08T03:56:00+0200,HR,William,Russell,East Rachelfurt,8696 Nicole Lodge,(580)233-9923x354,William Russell,Coordinator
ACC-108,Erica.Cruz@KaneLLC.com,Conct-117,2024-07-09T15:58:00+0200,HR,Erica,Cruz,Lake Brittanyview,8016 Lynch Roads,(221)093-7536,Erica Cruz,Manager
ACC-109,Mary.Daniels@WeaverLLC.com,Conct-118,2024-06-11T01:41:00+0200,HR,Mary,Daniels,East Jameshaven,154 Greene Fork Suite 811,946-713-3029,Mary Daniels,Specialist
ACC-110,Stephen.Brewer@Fuller-Eaton.org,Conct-119,2024-06-10T10:54:00+0200,Engineering,Stephen,Brewer,Dunnside,807 Burke Plaza,558-057-4386x165,Stephen Brewer,Analyst
ACC-111,Wendy.Johns@DavisMartinezandWiggins.com,Conct-120,2023-09-02T03:45:00+0200,Support,Wendy,Johns,Shepardbury,24094 Anderson Falls Apt. 608,+1-122-572-5899x62123,Wendy Johns,Specialist
ACC-112,Jeffery.Kennedy@Swanson-Acosta.com,Conct-121,2022-11-07T00:44:00+0200,Marketing,Jeffery,Kennedy,Lake Laura,93467 Duffy Course Apt. 753,+1-822-681-5328x8881,Jeffery Kennedy,Specialist
ACC-113,Jacqueline.Michael@PhillipsHoldenandJackson.ia,Conct-122,2024-01-12T02:42:00+0200,Sales,Jacqueline,Michael,East Dianebury,168 Karen Spur,249.730.7423,Jacqueline Michael,Consultant
ACC-114,Margaret.Nunez@RobbinsSimpsonandSmith.com,Conct-123,2020-12-05T12:51:00+0200,Support,Margaret,Nunez,Rosschester,822 Travis Plains Apt. 728,001-096-411-6362x3663,Margaret Nunez,Specialist
ACC-115,Brian.Allen@MaynardRiveraandWilliams.com,Conct-124,2023-07-10T21:56:00+0200,Support,Brian,Allen,New Stephanie,184 Phillip Islands,502.023.3048x605,Brian Allen,Analyst
ACC-116,Misty.Guzman@MoorePLC.ia,Conct-125,2020-02-11T12:36:00+0200,Operations,Misty,Guzman,West Katherinebury,3115 Morris Via,001-974-549-1473x8195,Misty Guzman,Analyst
ACC-117,Jeremy.Torres@SpencerHarrisandOliver.com,Conct-126,2024-10-05T14:50:00+0200,Engineering,Jeremy,Torres,West Justinshire,03006 Brown Trail,(782)719-9532,Jeremy Torres,Consultant
ACC-118,Richard.Garcia@ConnerLtd.com,Conct-127,2021-01-05T06:17:00+0200,Sales,Richard,Garcia,Wilkersonshire,58127 Steele Course Apt. 819,001-209-420-4415x238,Richard Garcia,Coordinator
ACC-119,George.Anderson@Franco-Estrada.org,Conct-128,2020-06-07T20:03:00+0200,Finance,George,Anderson,West Nicholasview,9320 Atkinson Lakes Suite 079,+1-930-222-4179,George Anderson,Analyst
ACC-120,David.Chen@DavisScottandCherry.com,Conct-129,2020-08-31T13:38:00+0200,Marketing,David,Chen,Johnview,492 Cynthia Parkways Apt. 760,551.874.8115x5852,David Chen,Coordinator
ACC-121,Carla.Stokes@DavisLtd.com,Conct-130,2021-11-07T12:11:00+0200,Sales,Carla,Stokes,East Kristen,68549 Coleman Ports Apt. 826,626.717.6838,Carla Stokes,Specialist
ACC-122,Scott.Harmon@YangPLC.com,Conct-131,2020-08-08T15:53:00+0200,HR,Scott,Harmon,Port Juanfort,0951 Pearson Knolls,+1-604-907-5598,Scott Harmon,Analyst
ACC-123,Robert.Gibbs@RobertsSmithandFrazier.com,Conct-132,2020-03-08T18:15:00+0200,Engineering,Robert,Gibbs,Benjaminstad,074 Anderson Courts,399-466-7247x43435,Robert Gibbs,Specialist
ACC-124,Lucas.Stone@GomezPLC.org,Conct-133,2020-05-07T09:15:00+0200,Support,Lucas,Stone,South Tiffany,4315 Hayes Mission,161-536-5564,Lucas Stone,Coordinator
ACC-125,Linda.Simon@FernandezWebbandGomez.org,Conct-134,2023-06-02T01:12:00+0200,HR,Linda,Simon,East Anna,96769 Collins Meadows Apt. 130,+1-703-045-3172x95972,Linda Simon,Manager
ACC-126,Kelly.Monroe@WilsonLtd.com,Conct-135,2020-04-10T09:20:00+0200,HR,Kelly,Monroe,South Danielfurt,565 Ryan Stream Suite 109,(273)404-8985x48870,Kelly Monroe,Manager
ACC-127,Krystal.Peck@Elliott-Peterson.com,Conct-136,2020-10-11T03:33:00+0200,Support,Krystal,Peck,Smithhaven,269 Phillip Fort Apt. 452,001-704-046-1923,Krystal Peck,Manager
ACC-128,Daniel.Lane@Mcguire-Davidson.com,Conct-137,2024-08-13T02:12:00+0200,Finance,Daniel,Lane,Hansonview,74513 Richardson Trafficway,408-752-6259,Daniel Lane,Manager
ACC-129,Christopher.Goodwin@RobertsSerranoandFlores.com,Conct-138,2020-07-12T12:27:00+0200,Support,Christopher,Goodwin,Hillchester,041 Nicole Mill,425.310.0108,Christopher Goodwin,Analyst
ACC-130,Kristin.Shields@MooreRosarioandWeber.ia,Conct-139,2023-10-03T14:42:00+0200,Marketing,Kristin,Shields,Stephaniechester,475 David Wells Apt. 026,001-651-224-5764x33618,Kristin Shields,Coordinator
ACC-131,Erin.Ross@WilsonJacksonandDavis.com,Conct-140,2023-10-05T04:30:00+0200,Engineering,Erin,Ross,Erinbury,14511 Troy Camp Apt. 582,(749)102-6859x2676,Erin Ross,Manager
ACC-132,Sherry.Gutierrez@Conley-Hernandez.com,Conct-141,2024-03-07T12:56:00+0200,Sales,Sherry,Gutierrez,South Paula,2898 Patricia Coves,(201)751-8040x102,Sherry Gutierrez,Manager
ACC-133,Mark.Schneider@Wright-Wheeler.com,Conct-142,2024-09-09T15:13:00+0200,HR,Mark,Schneider,West Maurice,34527 Ann Pass,(455)329-9490,Mark Schneider,Director
ACC-134,Janet.Garcia@Hawkins-Martinez.org,Conct-143,2023-06-06T21:22:00+0200,Sales,Janet,Garcia,North Wesley,8539 Thomas Stravenue Apt. 362,3197141323,Janet Garcia,Consultant
ACC-135,Nathan.Monroe@AndradeGroup.us,Conct-144,2023-11-12T20:06:00+0200,Marketing,Nathan,Monroe,Meganchester,852 Curry Common Suite 137,5195695882,Nathan Monroe,Director
ACC-136,Jacqueline.Walls@RogersRandolphandDixon.com,Conct-145,2020-12-05T10:54:00+0200,Support,Jacqueline,Walls,Stewartville,859 Kenneth Bridge Apt. 400,+1-699-198-6182x743,Jacqueline Walls,Analyst
ACC-137,Megan.Santiago@BarberBaileyandFitzgerald.us,Conct-146,2024-03-13T04:21:00+0200,Support,Megan,Santiago,Kristenburgh,472 Heather Road,(913)621-5903x564,Megan Santiago,Director
ACC-138,Jordan.Riley@SimpsonInc.com,Conct-147,2020-09-06T00:49:00+0200,Finance,Jordan,Riley,Johnsonmouth,538 Lisa Harbor Suite 707,870.937.9889,Jordan Riley,Executive
ACC-139,Andrew.Smith@WhiteWebsterandRay.com,Conct-148,2021-05-07T02:51:00+0200,Support,Andrew,Smith,Aaronland,323 Jerry Plaza Suite 153,236.051.9539x3320,Andrew Smith,Manager
ACC-140,Jerry.Rodriguez@Brown-Sherman.us,Conct-149,2023-02-28T22:47:00+0200,Marketing,Jerry,Rodriguez,Nelsonville,2190 Wyatt Road,(092)484-3374x97514,Jerry Rodriguez,Director
ACC-141,Kevin.Cuevas@SmithPLC.com,Conct-150,2020-01-08T09:53:00+0200,Engineering,Kevin,Cuevas,Rodriguezhaven,5306 Sparks Causeway Apt. 220,(387)880-2544,Kevin Cuevas,Analyst
ACC-142,James.Estrada@Davis-Page.com,Conct-151,2021-08-02T18:17:00+0200,HR,James,Estrada,Jamesfort,331 Bradley Row,645-816-6370x32786,James Estrada,Consultant
ACC-143,Crystal.Williams@Casey-Walls.us,Conct-152,2022-04-04T20:37:00+0200,Marketing,Crystal,Williams,Williamborough,74387 Sandra Ville Suite 457,+1-866-711-8992x4153,Crystal Williams,Analyst
ACC-144,John.Burke@Mckinney-Ryan.com,Conct-153,2024-07-31T15:53:00+0200,Marketing,John,Burke,Evansville,861 Rodriguez Tunnel Suite 955,001-007-133-5316x73869,John Burke,Director
ACC-145,Angela.Flores@SmithLLC.com,Conct-154,2020-06-07T12:00:00+0200,HR,Angela,Flores,East Kaitlynton,7123 Williams Lane Suite 439,9605193332,Angela Flores,Executive
ACC-145,Karen.Love@SmithLLC.com,Conct-155,2023-01-31T13:34:00+0200,Support,Karen,Love,Port Erin,480 Charles Extensions Apt. 732,636-343-9406x377,Karen Love,Coordinator
ACC-145,Sheila.Robinson@SmithLLC.com,Conct-156,2020-07-31T19:07:00+0200,Engineering,Sheila,Robinson,North Craigmouth,082 Stewart Circles,526.236.1384,Sheila Robinson,Coordinator
ACC-146,David.Sandoval@PerkinsGambleandBell.ia,Conct-157,2023-02-06T12:53:00+0200,Operations,David,Sandoval,Holmesborough,77113 Robbins Keys,+1-045-133-6936x796,David Sandoval,Director
ACC-147,Alan.Bauer@AguilarMartinandBarrett.us,Conct-158,2023-06-02T05:26:00+0200,Sales,Alan,Bauer,Carlshire,0452 Dan Street Suite 950,203-047-4752,Alan Bauer,Analyst
ACC-148,Marie.Bradley@WilliamsMooreandSmith.com,Conct-159,2021-01-12T12:31:00+0200,HR,Marie,Bradley,South Andrewshire,9344 Baxter Fall Suite 006,117-261-8729x86532,Marie Bradley,Specialist
ACC-149,Shari.Walsh@PowellInc.ia,Conct-160,2020-04-06T23:48:00+0200,HR,Shari,Walsh,Andreatown,007 Jane Wall,437.824.6909x388,Shari Walsh,Coordinator
ACC-150,Aaron.Torres@GoldenJonesandVargas.org,Conct-161,2024-02-08T12:11:00+0200,Support,Aaron,Torres,Millerport,4217 Jamie Burgs,721.578.0410x550,Aaron Torres,Analyst
ACC-151,Michael.Cunningham@BurkeAndersonandBest.us,Conct-162,2022-08-07T19:57:00+0200,Sales,Michael,Cunningham,Kennedyville,2890 Moore Shores,392.698.7014x420,Michael Cunningham,Manager
ACC-152,Anthony.Davis@HutchinsonRoweandDuke.com,Conct-163,2023-08-11T17:44:00+0200,Marketing,Anthony,Davis,Schultztown,1558 Richard Throughway,987.229.4125x543,Anthony Davis,Analyst
ACC-153,Nicole.Hall@McintyreGroup.com,Conct-164,2023-10-08T23:19:00+0200,HR,Nicole,Hall,Brianton,93666 Hamilton Tunnel Apt. 261,867-295-7889x203,Nicole Hall,Specialist
ACC-154,Grace.Navarro@Reed-Coleman.com,Conct-165,2022-03-04T15:20:00+0200,Operations,Grace,Navarro,Michaeltown,4744 Christine Mountains,+1-613-117-4224x9049,Grace Navarro,Manager
ACC-155,Briana.Suarez@Mayo-Brown.com,Conct-166,2021-01-06T09:26:00+0200,HR,Briana,Suarez,South Kennethburgh,29955 Robert Manors,521.153.6085,Briana Suarez,Manager
ACC-156,Bobby.Christensen@BrownWatsonandSavage.us,Conct-167,2023-06-02T06:20:00+0200,Sales,Bobby,Christensen,Olsonstad,562 Kimberly Ville,(514)169-7037,Bobby Christensen,Coordinator
ACC-157,Eddie.Garcia@Gonzalez-Spencer.org,Conct-168,2020-06-30T14:17:00+0200,Finance,Eddie,Garcia,West Lisa,83344 Michael Square,9039363391,Eddie Garcia,Director
ACC-158,Christian.Mccormick@Zimmerman-Griffin.com,Conct-169,2022-01-12T03:02:00+0200,Finance,Christian,Mccormick,North Robertland,4654 Patricia Mount,(668)999-4636,Christian Mccormick,Consultant
ACC-159,Daniel.Nelson@Rose-Orozco.com,Conct-170,2020-12-08T05:19:00+0200,Support,Daniel,Nelson,Lake Tonya,958 Green Shore Suite 027,1111412547,Daniel Nelson,Executive
ACC-160,Ryan.Cochran@Alvarez-Brady.us,Conct-171,2022-10-02T16:00:00+0200,Sales,Ryan,Cochran,Lindseyhaven,93751 Courtney Street,001-962-201-2440x372,Ryan Cochran,Manager
ACC-161,Tasha.Everett@RiosHooverandRoss.com,Conct-172,2020-01-04T06:44:00+0200,Finance,Tasha,Everett,Brooksmouth,29713 Shawn Forge,(238)467-4877,Tasha Everett,Executive
ACC-162,Dawn.Copeland@BeltranInc.us,Conct-173,2023-09-01T04:12:00+0200,Support,Dawn,Copeland,Gibsonburgh,6774 Christopher Estate Apt. 978,001-555-109-9906x7650,Dawn Copeland,Coordinator
ACC-163,Rachel.Waters@RoblesandSons.com,Conct-174,2022-08-12T23:26:00+0200,Engineering,Rachel,Waters,West Todd,9011 Brenda Way Apt. 707,+1-284-540-9990,Rachel Waters,Analyst
ACC-164,Jeremy.Knight@HartGroup.org,Conct-175,2024-03-31T19:21:00+0200,Finance,Jeremy,Knight,North Sharon,096 Michael Courts,327-019-2100x428,Jeremy Knight,Specialist
ACC-165,Alex.Warren@MartinandSons.com,Conct-176,2020-01-05T14:05:00+0200,Finance,Alex,Warren,Port Taylor,135 John Overpass,208.183.9893x55778,Alex Warren,Consultant
ACC-166,Stacy.Sweeney@Roberts-Patterson.com,Conct-177,2021-04-09T23:08:00+0200,Support,Stacy,Sweeney,Ericstad,42572 Moore Plaza Suite 577,+1-475-500-9822x891,Stacy Sweeney,Consultant
ACC-167,Phillip.Abbott@Johnson-Stanley.com,Conct-178,2024-01-31T22:52:00+0200,Support,Phillip,Abbott,Huntberg,51642 Allen Court,(625)207-4778x297,Phillip Abbott,Coordinator
ACC-168,Roger.Moore@Oconnor-Wiley.ia,Conct-179,2021-05-12T20:44:00+0200,Finance,Roger,Moore,Reyesburgh,39973 Sarah Plaza Apt. 980,001-899-505-0280,Roger Moore,Analyst
ACC-169,Anthony.Hutchinson@DavilaInc.com,Conct-180,2022-01-06T10:00:00+0200,Marketing,Anthony,Hutchinson,Port Christina,4807 Hudson Square Suite 119,237-353-4821,Anthony Hutchinson,Specialist
ACC-170,Robert.Cohen@ReyesDennisandCalderon.com,Conct-181,2024-01-01T06:53:00+0200,Sales,Robert,Cohen,Port Christina,9169 Baker Flat,590-012-4605x2284,Robert Cohen,Consultant
ACC-171,Cameron.Rivera@MckenzieInc.com,Conct-182,2024-06-01T13:12:00+0200,Operations,Cameron,Rivera,Coreyville,23817 Williams Hollow,040-507-4232x987,Cameron Rivera,Specialist
ACC-172,Dana.Cowan@LynchMannandSchmidt.com,Conct-183,2022-09-06T19:12:00+0200,Support,Dana,Cowan,Estradaview,385 Rachel Parkways Suite 498,926-291-3948x0085,Dana Cowan,Specialist
ACC-173,Caroline.Mcguire@EvansInc.org,Conct-184,2022-02-06T18:06:00+0200,Marketing,Caroline,Mcguire,New Theresa,79018 John Rapids Suite 145,545-976-6529,Caroline Mcguire,Director
ACC-174,Jenny.Baker@Anderson-Huff.us,Conct-185,2021-02-09T13:57:00+0200,Operations,Jenny,Baker,South Robert,9433 Wilson Branch Suite 238,(689)160-7644x4509,Jenny Baker,Executive
ACC-175,Amanda.Stokes@Noble-Vaughn.ia,Conct-186,2024-01-31T16:43:00+0200,Operations,Amanda,Stokes,Leechester,18562 Rios Heights,(219)254-5743x5110,Amanda Stokes,Specialist
ACC-176,Joel.Kennedy@YoungRiceandRobles.com,Conct-187,2025-01-12T01:12:00+0200,Operations,Joel,Kennedy,Amandafort,782 Harris Highway,(804)944-7553x219,Joel Kennedy,Specialist
ACC-177,Matthew.Dunn@Herrera-Lucas.org,Conct-188,2020-03-09T15:08:00+0200,Finance,Matthew,Dunn,North Brittanychester,87038 Cummings Mall Suite 558,070-059-2962,Matthew Dunn,Consultant
ACC-178,Dustin.James@Brown-Hanson.us,Conct-189,2021-10-05T08:10:00+0200,Support,Dustin,James,Danielfurt,70715 Jacqueline Canyon,+1-577-255-3536x2606,Dustin James,Specialist
ACC-179,Dawn.Richardson@WalkerandSons.com,Conct-190,2023-01-11T23:28:00+0200,Engineering,Dawn,Richardson,Sarahtown,412 Karen View,(074)445-1336,Dawn Richardson,Executive
ACC-180,Jasmine.Simmons@PriceRiveraandAllen.ia,Conct-191,2024-07-08T19:36:00+0200,Operations,Jasmine,Simmons,Melindaport,8116 James Mount Suite 610,(375)603-7929,Jasmine Simmons,Specialist
ACC-181,Adam.Howard@CallahanInc.us,Conct-192,2024-02-08T02:42:00+0200,Operations,Adam,Howard,South Carol,24102 Benjamin Skyway,4928389029,Adam Howard,Analyst
ACC-181,Joshua.Johnson@CallahanInc.us,Conct-193,2024-07-09T20:30:00+0200,Operations,Joshua,Johnson,New Ginamouth,2927 Sara Well Apt. 166,001-559-797-6306,Joshua Johnson,Director
ACC-182,Robert.Walker@SmithKeithandWhite.com,Conct-194,2021-11-06T02:41:00+0200,Marketing,Robert,Walker,Port Nicoleland,538 Blanchard Isle Apt. 850,+1-693-541-4374x2601,Robert Walker,Specialist
ACC-183,Steven.Carrillo@Wolf-Armstrong.com,Conct-195,2022-07-09T09:11:00+0200,Engineering,Steven,Carrillo,West Kennethmouth,426 Ramirez Islands Apt. 660,514.133.3092,Steven Carrillo,Analyst
ACC-184,Corey.Roman@MannChristianandBaker.com,Conct-196,2020-10-07T09:24:00+0200,Engineering,Corey,Roman,Port Juliemouth,104 Rose Run,9914779127,Corey Roman,Director
ACC-185,Morgan.Ray@Campbell-Brown.us,Conct-197,2020-10-10T13:02:00+0200,Engineering,Morgan,Ray,Freemanside,8075 Ramirez Island Suite 062,(213)211-0048,Morgan Ray,Analyst
ACC-186,Monica.Young@NewmanandSons.ia,Conct-198,2021-04-04T09:13:00+0200,Sales,Monica,Young,East Robin,85461 Shane Turnpike,46375,Monica Young,Specialist
ACC-187,Matthew.Bray@AllenLtd.us,Conct-199,2022-02-05T11:35:00+0200,Support,Matthew,Bray,New Heatherberg,334 Webster Harbor,(327)490-0951x83341,Matthew Bray,Consultant
ACC-187,Susan.Fuentes@AllenLtd.us,Conct-200,2024-04-12T10:20:00+0200,Support,Susan,Fuentes,West Loristad,3404 Hayden Path,785-601-4871x8132,Susan Fuentes,Executive
ACC-188,Brandon.Moore@Pittman-Stone.ia,Conct-201,2024-06-10T14:55:00+0200,Engineering,Brandon,Moore,Crosbyside,472 Chelsea Springs,6001000544,Brandon Moore,Specialist
ACC-189,Joseph.Lee@Chavez-Perez.us,Conct-202,2020-11-02T06:29:00+0200,Support,Joseph,Lee,Port Raymond,73321 John Way,001-752-360-4138x026,Joseph Lee,Executive
ACC-190,Melissa.Martin@McintyreandSons.com,Conct-203,2024-05-03T07:11:00+0200,Finance,Melissa,Martin,Port Raymondfort,57815 Tyler Terrace Suite 899,016-120-2530x738,Melissa Martin,Executive
ACC-191,Joshua.Parks@GarnerLLC.org,Conct-204,2024-12-10T08:53:00+0200,Engineering,Joshua,Parks,Shawnborough,927 Lloyd Fort,001-937-287-3663,Joshua Parks,Analyst
ACC-192,James.Ingram@Patel-Ortiz.ia,Conct-205,2021-11-10T04:54:00+0200,Engineering,James,Ingram,North Jeffreyland,33235 Dana Mount Apt. 181,(136)334-3039x3308,James Ingram,Manager
ACC-193,Emily.Weber@BooneandSons.us,Conct-206,2020-05-12T09:56:00+0200,HR,Emily,Weber,Curtisland,4895 Jonathan Underpass Apt. 835,6200776013,Emily Weber,Executive
ACC-194,Gabriela.Scott@Hickman-Myers.org,Conct-207,2019-12-31T18:24:00+0200,Engineering,Gabriela,Scott,Christopherside,28343 Raymond Path,880.779.6113,Gabriela Scott,Coordinator
ACC-195,Kathryn.Romero@BrownHarperandMitchell.us,Conct-208,2021-07-12T23:14:00+0200,HR,Kathryn,Romero,Anthonybury,33958 Woods Motorway,001-211-910-4971x28583,Kathryn Romero,Director
ACC-196,Melissa.Porter@JacksonHarperandConley.com,Conct-209,2022-02-05T18:04:00+0200,Operations,Melissa,Porter,New Alexisville,30317 Christina Islands Apt. 800,001-580-930-2179x00173,Melissa Porter,Specialist
ACC-197,Amber.Rich@RileyJohnsonandBrooks.com,Conct-210,2024-08-10T21:36:00+0200,Engineering,Amber,Rich,West Tannertown,25814 Kenneth Motorway,+1-621-549-8954x324,Amber Rich,Director
ACC-198,Walter.West@BrooksJimenezandRhodes.us,Conct-211,2025-03-08T20:06:00+0200,Operations,Walter,West,South Nicholas,0873 White Mews Apt. 046,001-699-592-6327x2893,Walter West,Director
ACC-199,Madison.Jones@ReynoldsLLC.com,Conct-212,2022-06-01T10:12:00+0200,Marketing,Madison,Jones,Dodsonside,40975 Ray Branch,775.535.9587x796,Madison Jones,Manager
ACC-200,Danielle.Daniel@RichardsonLtd.com,Conct-213,2023-11-04T13:00:00+0200,Engineering,Danielle,Daniel,Lake Kevinton,24841 Jason Skyway Apt. 830,001-080-056-0124,Danielle Daniel,Consultant
ACC-201,Daniel.Smith@GuerreroLLC.org,Conct-214,2020-06-02T02:08:00+0200,HR,Daniel,Smith,South Davidchester,15979 Amy Center Apt. 969,556-666-1490,Daniel Smith,Specialist
ACC-202,Jennifer.Castillo@BurkeLLC.us,Conct-215,2022-10-07T01:38:00+0200,Support,Jennifer,Castillo,Katieberg,79124 Velazquez Knoll Apt. 658,(491)514-4106x89662,Jennifer Castillo,Specialist
ACC-203,Kayla.Levy@Lewis-Dillon.com,Conct-216,2024-02-11T07:45:00+0200,HR,Kayla,Levy,Andreachester,853 Martin Parks,001-184-261-7632x9195,Kayla Levy,Analyst
ACC-204,Brooke.Munoz@JenkinsMorganandPotts.com,Conct-217,2022-09-07T03:49:00+0200,Sales,Brooke,Munoz,Madelineburgh,6439 Hayes Tunnel,(492)881-3639x47684,Brooke Munoz,Specialist
ACC-205,Christopher.Stewart@Day-Bass.com,Conct-218,2022-11-04T20:30:00+0200,Engineering,Christopher,Stewart,Donaldchester,103 Colleen Land Apt. 204,6576828307,Christopher Stewart,Coordinator
ACC-207,Steven.Kirby@HamiltonInc.org,Conct-219,2023-04-08T07:07:00+0200,Finance,Steven,Kirby,Davisside,962 Barbara Causeway,001-387-771-5258x19497,Steven Kirby,Manager
ACC-208,Patricia.Barnett@ReyesSmithandRoberts.com,Conct-220,2023-06-05T21:11:00+0200,Marketing,Patricia,Barnett,Annburgh,885 Thomas Dale,(654)092-5720,Patricia Barnett,Consultant
ACC-209,Keith.Bennett@TurnerCookandSmith.com,Conct-221,2021-11-03T19:32:00+0200,Support,Keith,Bennett,South Daniel,8267 Jeremy Ridge,001-907-546-2301,Keith Bennett,Coordinator
ACC-210,James.Wilkerson@BernardGriffithandBarnett.us,Conct-222,2025-03-06T03:51:00+0200,Sales,James,Wilkerson,South Kevinborough,840 Pena Ferry,(350)174-3249,James Wilkerson,Executive
ACC-211,Roberto.Brown@HaneyFosterandMarshall.org,Conct-223,2021-02-01T09:27:00+0200,Engineering,Roberto,Brown,Guzmanborough,49769 Angela Village,001-233-262-0188x89061,Roberto Brown,Coordinator
ACC-212,Charles.Matthews@KramerChavezandMartin.com,Conct-224,2023-12-07T13:32:00+0200,Operations,Charles,Matthews,New Christina,5011 Jamie Burg Apt. 077,(859)126-7939x5012,Charles Matthews,Director
ACC-213,Gary.Parsons@RamirezandSons.com,Conct-225,2021-01-07T22:43:00+0200,Operations,Gary,Parsons,South Judithview,4304 Samantha Island,(731)934-9151x884,Gary Parsons,Analyst
ACC-214,Richard.Wood@MooreGarciaandKing.ia,Conct-226,2022-09-06T10:16:00+0200,Support,Richard,Wood,Escobarville,79673 Rachel Island Suite 956,142-522-4223x94047,Richard Wood,Manager
ACC-215,Elizabeth.Carter@KiddCurryandGreene.com,Conct-227,2020-02-11T10:05:00+0200,Finance,Elizabeth,Carter,Kimberlyfort,62017 Owens Throughway Apt. 987,118.756.7305x0779,Elizabeth Carter,Director
ACC-216,Jonathan.Wilson@Ingram-Ferguson.com,Conct-228,2024-07-03T10:00:00+0200,HR,Jonathan,Wilson,Conleyhaven,1141 Tasha Groves,001-561-451-7734x1340,Jonathan Wilson,Manager
ACC-217,Ariel.Brown@VazquezLLC.com,Conct-229,2024-09-06T13:38:00+0200,Support,Ariel,Brown,Grahamtown,09601 Victoria Station,(549)585-8651x154,Ariel Brown,Consultant
ACC-218,Jeffrey.Walker@LopezLivingstonandCarlson.com,Conct-230,2023-06-05T15:22:00+0200,Finance,Jeffrey,Walker,New Stevenbury,5680 Macias Lake Apt. 394,(907)119-5141x392,Jeffrey Walker,Analyst
ACC-219,Anthony.Phillips@Smith-Hall.com,Conct-231,2022-05-05T07:43:00+0200,Sales,Anthony,Phillips,Jensenborough,31657 Hampton Rest,001-719-974-0143x045,Anthony Phillips,Consultant
ACC-220,Tammy.Anderson@RoblesSmithandAllen.com,Conct-232,2020-09-06T05:12:00+0200,Engineering,Tammy,Anderson,Masonborough,314 Tara Court,(890)292-7103,Tammy Anderson,Manager
ACC-221,Kimberly.Fletcher@WoodPLC.com,Conct-233,2023-03-11T02:21:00+0200,Sales,Kimberly,Fletcher,New Jasonport,7170 Hayes Mall Apt. 872,4619126630,Kimberly Fletcher,Specialist
ACC-221,Andrew.Gillespie@WoodPLC.com,Conct-234,2022-01-07T10:45:00+0200,Support,Andrew,Gillespie,Jacksonberg,702 Sarah Throughway Apt. 773,030-546-2212x33605,Andrew Gillespie,Director
ACC-222,Megan.Holland@HardingandSons.org,Conct-235,2023-05-04T20:57:00+0200,Finance,Megan,Holland,Bauerland,364 Jeffrey Village Apt. 184,(974)868-2188x10633,Megan Holland,Manager
ACC-223,Maria.Dunlap@Smith-Tran.com,Conct-236,2020-03-06T17:57:00+0200,HR,Maria,Dunlap,West Carrie,7614 Mahoney Vista Suite 898,(920)696-5877x9162,Maria Dunlap,Specialist
ACC-224,Catherine.Bishop@CollinsLLC.com,Conct-237,2024-07-10T00:11:00+0200,HR,Catherine,Bishop,Lake Brianport,0642 Jones Tunnel,+1-709-595-8321x3239,Catherine Bishop,Consultant
ACC-225,Stephanie.Blair@PhamDennisandParrish.ia,Conct-238,2022-10-13T00:02:00+0200,Finance,Stephanie,Blair,Espinozaside,8761 Amanda Grove,162.624.9202x1753,Stephanie Blair,Coordinator
ACC-226,Joshua.Knight@HernandezPowellandAnderson.org,Conct-239,2023-10-04T20:59:00+0200,Support,Joshua,Knight,Bauermouth,275 Natalie Curve Apt. 277,283-836-5805x41915,Joshua Knight,Specialist
ACC-227,Jeremy.Jones@MendozaBennettandDowns.ia,Conct-240,2022-03-08T19:21:00+0200,Support,Jeremy,Jones,Tonyashire,9090 Warren Route Apt. 826,001-293-077-6935,Jeremy Jones,Consultant
ACC-228,Christina.Everett@Weaver-Robinson.com,Conct-241,2023-10-13T07:38:00+0200,Sales,Christina,Everett,West Kelseyborough,1857 Lopez Plains Suite 630,035-179-5583x34672,Christina Everett,Executive
ACC-229,Jessica.Martin@CarterBrownandWallace.us,Conct-242,2021-01-08T22:05:00+0200,Marketing,Jessica,Martin,North Josephhaven,9283 Bethany Extension,781.317.8508x3353,Jessica Martin,Analyst
ACC-230,Jason.Miller@Jarvis-Meyer.com,Conct-243,2020-06-08T13:59:00+0200,Support,Jason,Miller,Dawnchester,6166 Christopher Well,+1-233-990-7376x1499,Jason Miller,Director
ACC-231,Felicia.Williamson@MooreLLC.ia,Conct-244,2021-04-10T13:59:00+0200,Marketing,Felicia,Williamson,Austintown,83705 Mcgee Villages Apt. 218,+1-414-497-5539x322,Felicia Williamson,Analyst
ACC-232,Jennifer.Brewer@MooreGroup.ia,Conct-245,2023-07-06T04:12:00+0200,Marketing,Jennifer,Brewer,Campbellport,1498 Caleb Ford Suite 797,001-997-918-2105,Jennifer Brewer,Analyst
ACC-233,Kayla.Simmons@MitchellGroup.ia,Conct-246,2022-04-06T06:24:00+0200,Engineering,Kayla,Simmons,West Alexander,55718 Jennifer Union,290-215-8015,Kayla Simmons,Manager
ACC-234,Christopher.Cruz@Jones-Hodge.com,Conct-247,2020-01-10T21:29:00+0200,Marketing,Christopher,Cruz,Jeanmouth,498 Kendra Freeway,+1-716-934-2375x122,Christopher Cruz,Consultant
ACC-235,Sarah.Reed@EllisHarmonandCox.com,Conct-248,2023-11-03T00:45:00+0200,Support,Sarah,Reed,Sharontown,227 Hailey Drive Suite 233,+1-850-465-2089x2705,Sarah Reed,Specialist
ACC-236,Thomas.Russell@BishopandSons.us,Conct-249,2022-02-07T07:43:00+0200,HR,Thomas,Russell,Katherinestad,3826 Stacey Road,(614)121-5637x892,Thomas Russell,Director
ACC-236,Toni.Oneal@BishopandSons.us,Conct-250,2025-01-08T00:47:00+0200,HR,Toni,Oneal,New Glenn,02328 Green Common,(676)110-6515x31309,Toni Oneal,Executive
ACC-237,Denise.Hurley@Young-Hall.com,Conct-251,2021-01-01T13:52:00+0200,Operations,Denise,Hurley,South Kristinborough,9733 Emma Lodge Suite 548,815.823.5941x2587,Denise Hurley,Consultant
ACC-238,Nicole.Taylor@Morrow-Booker.ia,Conct-252,2023-08-03T20:42:00+0200,Support,Nicole,Taylor,West Emmaburgh,5919 Mark Gateway,656.463.9944,Nicole Taylor,Specialist
ACC-239,Kevin.Hardin@Williams-Johnson.com,Conct-253,2023-08-11T21:15:00+0200,HR,Kevin,Hardin,Fraziertown,18277 Lamb Forks Apt. 071,001-534-320-2558,Kevin Hardin,Manager
ACC-240,Sara.Thomas@BoydGroup.us,Conct-254,2020-10-05T09:58:00+0200,Finance,Sara,Thomas,Port Carolynhaven,077 Butler Fort,(510)168-8994x3023,Sara Thomas,Director
ACC-241,Joanne.Diaz@CampbellInc.us,Conct-255,2024-01-07T17:39:00+0200,HR,Joanne,Diaz,Elizabethberg,7643 Sanchez Pine Apt. 311,231.228.4041x954,Joanne Diaz,Specialist
ACC-242,Elizabeth.Stephenson@LoveLtd.com,Conct-256,2024-07-11T08:10:00+0200,Finance,Elizabeth,Stephenson,New Deborahland,794 Casey Grove Apt. 810,(950)472-7630x425,Elizabeth Stephenson,Manager
ACC-243,Larry.Williams@ThomasHaleandCosta.com,Conct-257,2020-08-31T22:54:00+0200,Finance,Larry,Williams,Derricktown,1780 Hernandez Pike Apt. 106,838.990.3995,Larry Williams,Manager
ACC-244,Dillon.Sosa@SanchezandSons.com,Conct-258,2022-12-03T04:47:00+0200,Engineering,Dillon,Sosa,North Victoriamouth,066 Joseph Ford,980-714-8068,Dillon Sosa,Consultant
ACC-245,Ronald.Miller@LoveWhiteandRodriguez.com,Conct-259,2024-04-03T00:20:00+0200,Operations,Ronald,Miller,North Michaelland,21231 Nunez Fords,552-147-8764,Ronald Miller,Manager
ACC-246,Richard.Dunlap@AdamsGroup.us,Conct-260,2021-08-05T07:41:00+0200,Marketing,Richard,Dunlap,East Jenniferville,42756 Williams Garden Suite 326,+1-686-466-2005x720,Richard Dunlap,Specialist
ACC-247,Angela.Schwartz@SanchezGroup.com,Conct-261,2022-11-08T13:18:00+0200,Sales,Angela,Schwartz,Port Jill,4779 Jones Points Suite 983,001-470-713-9715x6296,Angela Schwartz,Specialist
ACC-248,Shannon.Chavez@HendersonDoyleandBrooks.org,Conct-262,2021-05-01T08:08:00+0200,Marketing,Shannon,Chavez,Murrayshire,4722 Sawyer Harbors Suite 692,4929666995,Shannon Chavez,Manager
ACC-249,Lisa.Salazar@FisherAvilaandMitchell.org,Conct-263,2020-10-07T17:51:00+0200,Sales,Lisa,Salazar,Lake Angelaburgh,26328 Jennifer Road,001-565-725-0767x2113,Lisa Salazar,Manager
ACC-250,Carl.Matthews@SchneiderInc.com,Conct-264,2020-03-06T16:56:00+0200,Finance,Carl,Matthews,New Christine,24423 Gregory Port Suite 604,001-935-718-5980,Carl Matthews,Director
ACC-251,Anthony.Blackburn@Ray-Hall.com,Conct-265,2020-06-05T01:07:00+0200,Operations,Anthony,Blackburn,West Karen,713 Murphy Haven Apt. 146,606.249.1100,Anthony Blackburn,Manager
ACC-252,Alison.Thompson@Carter-Adams.us,Conct-266,2024-03-02T13:38:00+0200,Operations,Alison,Thompson,Walkermouth,95420 Jacobs Meadow Suite 094,680.126.1666,Alison Thompson,Director
ACC-253,Erica.Patton@WeaverPLC.com,Conct-267,2022-04-04T19:02:00+0200,Marketing,Erica,Patton,West Wendy,5023 Jones Shores,001-004-888-1110x4990,Erica Patton,Manager
ACC-254,Rose.Ortiz@HernandezGuzmanandJames.org,Conct-268,2021-06-10T02:46:00+0200,Finance,Rose,Ortiz,South Davidshire,08327 Katie Green Suite 449,672-915-9652,Rose Ortiz,Director
ACC-255,Kevin.Farmer@WhitakerLLC.com,Conct-269,2023-10-04T17:12:00+0200,Finance,Kevin,Farmer,South Kyleview,10262 Carrie Parks,001-440-305-6927x283,Kevin Farmer,Manager
ACC-256,Douglas.Marquez@DaltonGroup.com,Conct-270,2020-03-31T20:30:00+0200,Marketing,Douglas,Marquez,Lake Jasonview,37602 Stevens Stravenue Apt. 463,001-450-738-7915,Douglas Marquez,Coordinator
ACC-257,Jane.Smith@Murray-Bennett.ia,Conct-271,2023-07-04T10:07:00+0200,Finance,Jane,Smith,North Staceymouth,879 Bryant Plain,001-186-379-6478,Jane Smith,Analyst
ACC-258,Ronald.Gay@Sanders-Macdonald.com,Conct-272,2021-02-09T03:17:00+0200,Marketing,Ronald,Gay,Millerchester,26859 Jennifer Shore Apt. 834,268.007.1027x320,Ronald Gay,Consultant
ACC-259,Thomas.Mora@LarsonandSons.com,Conct-273,2021-07-08T18:56:00+0200,Operations,Thomas,Mora,Erikfurt,335 Kara Mountain,+1-574-823-1455x023,Thomas Mora,Analyst
ACC-260,Sandy.Nguyen@MartinezRobersonandNguyen.com,Conct-274,2024-03-05T18:36:00+0200,Marketing,Sandy,Nguyen,Hoodfurt,7890 Alicia Ferry,001-135-384-5335,Sandy Nguyen,Specialist
ACC-261,Janice.Young@LeeMcculloughandHarris.com,Conct-275,2023-07-08T10:45:00+0200,Sales,Janice,Young,Collinstown,200 Medina Ports,41308363,Janice Young,Executive
ACC-262,Daniel.Graves@ColeLtd.com,Conct-276,2022-06-09T22:27:00+0200,Sales,Daniel,Graves,Kellymouth,57484 Evans Fort,001-322-899-7882x766,Daniel Graves,Specialist
ACC-263,Kristen.Eaton@FreemanPLC.org,Conct-277,2025-01-09T23:42:00+0200,Operations,Kristen,Eaton,Jessicashire,086 David Prairie,+1-714-276-2471x7378,Kristen Eaton,Manager
ACC-264,Megan.Cannon@HarrisGroup.org,Conct-278,2022-03-10T12:56:00+0200,Sales,Megan,Cannon,Wrightport,4928 Coleman Motorway Apt. 621,343.046.0988,Megan Cannon,Coordinator
ACC-265,Mark.Henry@Daugherty-Dominguez.com,Conct-279,2022-03-07T10:54:00+0200,Engineering,Mark,Henry,Dukeport,5998 West Well,+1-385-424-9694x436,Mark Henry,Specialist
ACC-266,Christopher.Turner@JacksonLLC.com,Conct-280,2024-09-06T21:51:00+0200,Sales,Christopher,Turner,Mcbridemouth,29695 Amanda Tunnel Apt. 694,(804)461-0287,Christopher Turner,Manager
ACC-267,Jack.Lindsey@KellyOrtizandHutchinson.com,Conct-281,2022-03-08T14:46:00+0200,Support,Jack,Lindsey,East Patricia,622 Teresa Pine Apt. 029,7974970896,Jack Lindsey,Specialist
ACC-268,Robert.Lynch@NavarroSmithandShah.ia,Conct-282,2024-10-08T20:39:00+0200,Engineering,Robert,Lynch,Joemouth,77337 Julia Way Suite 712,3992426871,Robert Lynch,Consultant
ACC-269,Jordan.Ware@FrenchLawsonandLowe.org,Conct-283,2022-05-09T11:21:00+0200,Marketing,Jordan,Ware,Rojasbury,62855 Shelton Track Apt. 965,971-697-7103,Jordan Ware,Analyst
ACC-270,Edward.Hodges@Lewis-Robinson.com,Conct-284,2024-07-05T02:21:00+0200,Engineering,Edward,Hodges,North James,58155 Mcdonald Ferry,001-981-546-9842x02488,Edward Hodges,Coordinator
ACC-271,Rebecca.Herring@WellsBurtonandHernandez.com,Conct-285,2021-01-08T07:12:00+0200,Sales,Rebecca,Herring,New Cynthia,309 Jennifer Square Apt. 319,222.949.1129x870,Rebecca Herring,Consultant
ACC-272,Angela.Foley@Hopkins-Baker.org,Conct-286,2022-08-02T07:18:00+0200,Support,Angela,Foley,East Kathleentown,421 Carter Trace Suite 152,786.364.7437,Angela Foley,Analyst
ACC-273,Adrian.Ali@PerezTaylorandNorton.ia,Conct-287,2022-10-04T05:48:00+0200,HR,Adrian,Ali,Knightfurt,1982 Price Circle,001-233-240-0907,Adrian Ali,Analyst
ACC-274,Mary.Patel@Reed-Day.com,Conct-288,2020-12-10T17:37:00+0200,Marketing,Mary,Patel,North Carlmouth,480 Nguyen Meadows,6386226853,Mary Patel,Consultant
ACC-275,Elizabeth.Morris@DennisLtd.com,Conct-289,2025-02-08T01:52:00+0200,HR,Elizabeth,Morris,North Amber,62666 Kimberly Summit Suite 582,001-099-587-2435x1029,Elizabeth Morris,Director
ACC-276,Kenneth.Sanchez@Jones-Gonzalez.com,Conct-290,2022-03-03T00:13:00+0200,Operations,Kenneth,Sanchez,Lake Thomas,48304 Todd Unions Apt. 700,001-276-514-2487x15236,Kenneth Sanchez,Executive
ACC-277,Tina.Hayes@MasonFrenchandLewis.com,Conct-291,2021-09-06T12:00:00+0200,HR,Tina,Hayes,Hensonburgh,005 Timothy Views Suite 483,+1-041-155-6130x970,Tina Hayes,Analyst
ACC-278,Judith.Hendricks@BakerandSons.us,Conct-292,2023-04-08T14:53:00+0200,Marketing,Judith,Hendricks,Jessicaside,0325 George Union Suite 975,001-816-362-7340,Judith Hendricks,Specialist
ACC-279,Raymond.Hanson@TaylorLeeandLee.com,Conct-293,2023-01-05T22:43:00+0200,Finance,Raymond,Hanson,Johnsonchester,83650 Middleton Extensions Suite 676,(857)717-3271,Raymond Hanson,Consultant
ACC-280,Anna.King@Mcknight-Morgan.com,Conct-294,2024-03-07T22:32:00+0200,Marketing,Anna,King,West James,73256 Taylor Mount,(303)631-8199x198,Anna King,Analyst
ACC-281,Brittney.Mills@LinLLC.com,Conct-295,2023-12-05T07:43:00+0200,Engineering,Brittney,Mills,Gregoryborough,542 Johnson Mews,001-124-249-2142x6059,Brittney Mills,Consultant
ACC-282,Rachel.Davies@HorneLLC.org,Conct-296,2025-03-10T22:38:00+0200,Marketing,Rachel,Davies,Andersonton,68150 Marshall Ville Apt. 420,+1-949-596-0833x284,Rachel Davies,Coordinator
ACC-283,Kimberly.Hensley@Williams-Hall.com,Conct-297,2024-04-03T19:38:00+0200,Support,Kimberly,Hensley,Josephbury,460 Mcbride Cliffs,(544)549-8350x06261,Kimberly Hensley,Coordinator
ACC-284,Douglas.Mitchell@JacksonAllenandHall.com,Conct-298,2022-12-08T22:57:00+0200,Marketing,Douglas,Mitchell,Garyfurt,50755 Taylor Islands Suite 384,887.939.8985x8903,Douglas Mitchell,Analyst
ACC-285,Patricia.Miller@WrightRoblesandPatel.com,Conct-299,2020-06-05T15:51:00+0200,Engineering,Patricia,Miller,East Michael,80577 Erik Cliff Suite 657,989.149.4887,Patricia Miller,Consultant
ACC-286,Candice.Santos@BellLtd.us,Conct-300,2025-01-06T21:11:00+0200,Support,Candice,Santos,Wilsonland,441 Johnny Via Apt. 530,439.116.8320,Candice Santos,Manager
ACC-286,James.Sutton@BellLtd.us,Conct-301,2020-09-12T06:33:00+0200,Sales,James,Sutton,East Lisaberg,22843 Baker Views,586-326-0310x88965,James Sutton,Consultant
ACC-286,Richard.Franklin@BellLtd.us,Conct-302,2020-02-01T15:35:00+0200,Finance,Richard,Franklin,North Nicholasview,880 Jane Corners,842.638.6057,Richard Franklin,Executive
ACC-287,Molly.Ray@AlvarezRichardandGonzalez.us,Conct-303,2021-07-04T05:03:00+0200,Engineering,Molly,Ray,Jonesfort,66569 Fields Estates,891-335-9547,Molly Ray,Manager
ACC-288,Michelle.Fuentes@Choi-Campbell.us,Conct-304,2023-03-11T01:02:00+0200,Support,Michelle,Fuentes,East Jordanfurt,525 Greene Highway,+1-254-292-0286,Michelle Fuentes,Executive
ACC-289,George.Rogers@WoodandSons.com,Conct-305,2021-06-09T16:34:00+0200,Marketing,George,Rogers,South Michael,0285 Luis Crossroad Suite 031,187.625.3628,George Rogers,Consultant
ACC-290,Russell.Ingram@Miller-Matthews.ia,Conct-306,2021-09-12T10:27:00+0200,Support,Russell,Ingram,New Jill,344 Sawyer Plaza Apt. 793,001-200-541-5729,Russell Ingram,Coordinator
ACC-291,Andrew.Moon@Rodriguez-Boone.com,Conct-307,2021-11-05T11:57:00+0200,Marketing,Andrew,Moon,New Kathleenbury,931 Rice Flat,(727)151-7091,Andrew Moon,Specialist
ACC-292,Justin.Anderson@Vincent-Ortega.com,Conct-308,2022-08-10T14:12:00+0200,Engineering,Justin,Anderson,Lake Henry,5228 Jenkins Valleys,+1-034-250-4274x7237,Justin Anderson,Coordinator
ACC-293,Earl.Meyer@SuttonHendrixandGallegos.com,Conct-309,2022-06-08T22:29:00+0200,Finance,Earl,Meyer,Zhangchester,1507 Dean Meadow,293-477-0109x729,Earl Meyer,Consultant
ACC-294,Nicole.Rodriguez@SchultzSchroederandChang.com,Conct-310,2024-02-29T00:44:00+0200,Support,Nicole,Rodriguez,Danielshire,922 Mary Union Apt. 332,311.059.7426,Nicole Rodriguez,Analyst
ACC-295,Maria.Higgins@BrownPLC.us,Conct-311,2025-03-05T23:17:00+0200,Engineering,Maria,Higgins,East Gabriela,738 Ward Branch Suite 519,2289651497,Maria Higgins,Manager
ACC-295,Daniel.Campbell@BrownPLC.us,Conct-312,2025-03-07T12:38:00+0200,Marketing,Daniel,Campbell,Daniellefurt,72652 Nelson Lock,682.571.3236x95473,Daniel Campbell,Executive
ACC-296,Paul.Jacobs@FordDavisandMoore.org,Conct-313,2023-10-12T20:55:00+0200,Marketing,Paul,Jacobs,Nathanfurt,013 Alan Key,+1-247-759-0867x2958,Paul Jacobs,Coordinator
ACC-297,Wesley.Martinez@Olson-Carter.ia,Conct-314,2020-10-04T20:10:00+0200,Operations,Wesley,Martinez,North Alexismouth,487 Andrew Prairie,(369)875-7544x42846,Wesley Martinez,Consultant
ACC-298,Leslie.Ross@BarberRobertsandRussell.us,Conct-315,2021-03-04T07:23:00+0200,Support,Leslie,Ross,Pamelaborough,8648 Robertson Branch,2373204064,Leslie Ross,Specialist
ACC-299,Joseph.Franklin@Thompson-Edwards.com,Conct-316,2023-10-02T10:50:00+0200,Operations,Joseph,Franklin,Jillborough,8914 Michelle Shore Suite 169,001-433-477-0234x873,Joseph Franklin,Director
ACC-300,Janet.Harrison@RussellInc.com,Conct-317,2025-01-03T15:53:00+0200,Finance,Janet,Harrison,South Michael,0323 Monica Mount,001-862-083-6950x6465,Janet Harrison,Director
ACC-302,Drew.Garcia@CarterInc.us,Conct-318,2020-02-09T08:32:00+0200,Finance,Drew,Garcia,Vargasstad,12332 Curtis Way,(315)879-4262x83663,Drew Garcia,Director
ACC-303,Catherine.Smith@HansonMartinandMcgee.org,Conct-319,2023-11-03T21:45:00+0200,Finance,Catherine,Smith,Haileyview,946 Ryan Cape Suite 109,001-402-957-8303,Catherine Smith,Analyst
ACC-304,Richard.Combs@WardLtd.com,Conct-320,2022-01-11T23:46:00+0200,Sales,Richard,Combs,East Deanna,78732 Moyer Prairie,(087)305-9936x774,Richard Combs,Analyst
ACC-305,Kathryn.Campbell@Curtis-Miller.com,Conct-321,2024-05-12T07:54:00+0200,Sales,Kathryn,Campbell,New Timothy,006 Schmidt Fords Suite 661,(003)932-0129,Kathryn Campbell,Director
ACC-306,Dustin.Sanchez@BaileyInc.us,Conct-322,2020-12-07T04:29:00+0200,Finance,Dustin,Sanchez,South Danielhaven,550 Ortiz Ford Suite 560,8608717360,Dustin Sanchez,Manager
ACC-306,Sarah.Craig@BaileyInc.us,Conct-323,2020-07-08T21:53:00+0200,Marketing,Sarah,Craig,Lewisstad,30993 Dunn Mountain,+1-875-375-6926x7106,Sarah Craig,Coordinator
ACC-307,Monica.Robinson@LoweryYoderandGibson.com,Conct-324,2020-10-12T09:29:00+0200,Marketing,Monica,Robinson,Lake Leah,857 Kim Parkways,001-075-741-8855,Monica Robinson,Analyst
ACC-308,Kendra.Brady@Gutierrez-Espinoza.org,Conct-325,2024-07-31T19:21:00+0200,Operations,Kendra,Brady,Lake Christophertown,250 Gomez Knolls Suite 854,(172)325-3949x0456,Kendra Brady,Coordinator
ACC-309,Corey.Garcia@Lloyd-Morrow.com,Conct-326,2023-01-01T14:44:00+0200,Marketing,Corey,Garcia,Lake Robert,258 Victor Mountain Apt. 740,793-510-0802x497,Corey Garcia,Executive
ACC-310,Carol.Patterson@BrownandSons.us,Conct-327,2023-01-11T01:45:00+0200,Engineering,Carol,Patterson,Campbellland,63905 Brown Ways Apt. 816,001-408-425-6937x79067,Carol Patterson,Specialist
ACC-310,Rebecca.Warren@BrownandSons.us,Conct-328,2021-09-05T15:17:00+0200,Marketing,Rebecca,Warren,New Robertshire,25476 Samantha Ridge,731.259.1077x164,Rebecca Warren,Specialist
ACC-311,Kimberly.Johnson@WarrenWeeksandBallard.com,Conct-329,2024-09-01T12:27:00+0200,Marketing,Kimberly,Johnson,East Craig,45773 Michael Underpass,+1-551-019-9870x705,Kimberly Johnson,Coordinator
ACC-312,Daniel.Williamson@Allen-Flores.us,Conct-330,2020-09-05T09:47:00+0200,Sales,Daniel,Williamson,Riveraville,9926 Patel Loaf,765.082.1593,Daniel Williamson,Analyst
ACC-313,Alice.Smith@AguilarGroup.us,Conct-331,2022-06-07T22:25:00+0200,Marketing,Alice,Smith,South Whitney,269 Michael Greens Suite 022,272-653-5403,Alice Smith,Coordinator
ACC-314,Kenneth.Evans@Richards-Young.com,Conct-332,2023-03-07T00:36:00+0200,Finance,Kenneth,Evans,Vickiberg,3258 Johnson Tunnel Apt. 288,830-229-5167x377,Kenneth Evans,Manager
ACC-315,William.Wu@SchneiderAlvaradoandWilson.com,Conct-333,2022-12-13T05:51:00+0200,Sales,William,Wu,Lake Elizabethville,1705 Andrew Run,(718)962-9350,William Wu,Director
ACC-316,Anthony.Gibson@Fernandez-Brown.org,Conct-334,2024-01-04T13:38:00+0200,HR,Anthony,Gibson,Lake Yesenia,906 Booth Isle Apt. 044,(479)016-3221x818,Anthony Gibson,Manager
ACC-317,Caitlin.Dominguez@WilliamsandSons.com,Conct-335,2024-04-10T19:11:00+0200,Support,Caitlin,Dominguez,Amandashire,1789 Candice Manors,927.167.4864x460,Caitlin Dominguez,Executive
ACC-318,Brian.Kelly@TaylorLLC.com,Conct-336,2024-02-09T10:47:00+0200,Engineering,Brian,Kelly,South Marissaton,874 Rodriguez Station,117-593-4426,Brian Kelly,Executive
ACC-318,Michael.Mccarthy@TaylorLLC.com,Conct-337,2024-06-02T19:16:00+0200,Sales,Michael,Mccarthy,Richardview,1759 Laurie Orchard,+1-314-942-9242,Michael Mccarthy,Coordinator
ACC-318,John.Lewis@TaylorLLC.com,Conct-338,2022-02-02T23:10:00+0200,Marketing,John,Lewis,Port Timothy,765 Scott Mission,001-557-931-9446x82248,John Lewis,Analyst
ACC-319,Lauren.Jordan@Meyer-Gutierrez.ia,Conct-339,2023-07-03T21:11:00+0200,HR,Lauren,Jordan,South Mary,1859 Tabitha Skyway Apt. 719,+1-681-182-4563x2507,Lauren Jordan,Executive
ACC-320,Jennifer.Garcia@RiveraMatthewsandDean.com,Conct-340,2022-02-08T16:47:00+0200,Sales,Jennifer,Garcia,Daybury,15997 Thomas Plaza Apt. 286,001-238-180-7390x700,Jennifer Garcia,Consultant
ACC-321,William.Jacobs@Gomez-Jones.org,Conct-341,2023-04-05T01:12:00+0200,Support,William,Jacobs,Kennedyfurt,38737 Anderson Plaza,194.155.8071x41893,William Jacobs,Consultant
ACC-322,David.Williams@PattersonInc.ia,Conct-342,2020-08-06T19:12:00+0200,Sales,David,Williams,New Brianport,9685 Mills Inlet,001-404-521-8596x2341,David Williams,Director
ACC-323,Christian.Lane@MurphyLtd.ia,Conct-343,2022-04-06T19:14:00+0200,Engineering,Christian,Lane,Wilsonfort,46640 Ashley Coves Suite 834,+1-038-595-9532x1804,Christian Lane,Specialist
ACC-324,Marc.Castillo@DavidsonPLC.com,Conct-344,2022-01-12T05:55:00+0200,Operations,Marc,Castillo,North Joshua,2553 Alexander Club Suite 192,4685135262,Marc Castillo,Executive
ACC-325,Nicole.Kaiser@CamposLtd.us,Conct-345,2022-01-31T22:29:00+0200,HR,Nicole,Kaiser,New Cynthiaburgh,945 Reed Extensions Suite 024,(220)851-3445x42405,Nicole Kaiser,Consultant
ACC-326,Jason.Robertson@PinedaLoveandHoover.ia,Conct-346,2023-10-31T12:45:00+0200,Marketing,Jason,Robertson,Lake Jodi,5162 Kayla Plain Suite 940,417.873.7907x704,Jason Robertson,Analyst
ACC-327,Michelle.Gay@Wright-Banks.com,Conct-347,2024-12-12T12:44:00+0200,Operations,Michelle,Gay,Miguelton,008 Watts Turnpike,001-101-116-1112x25427,Michelle Gay,Analyst
ACC-328,Francisco.Collins@BarnesDurhamandTodd.us,Conct-348,2021-06-04T17:41:00+0200,Finance,Francisco,Collins,Curtisport,6065 William Mountains,(217)125-2502x61117,Francisco Collins,Manager
ACC-329,Nancy.Kent@Bray-Green.us,Conct-349,2023-12-11T18:22:00+0200,Support,Nancy,Kent,Aprilport,8905 Doyle Street,+1-086-853-8182x6042,Nancy Kent,Director
ACC-330,Michael.Tyler@CrawfordButlerandKaiser.com,Conct-350,2023-08-07T07:05:00+0200,HR,Michael,Tyler,Haleside,8584 Alexander Squares,001-326-147-7768x325,Michael Tyler,Analyst
ACC-331,Beverly.Powell@Turner-Pollard.com,Conct-351,2021-12-08T17:51:00+0200,Sales,Beverly,Powell,North Harold,832 Stevens Roads Apt. 140,047-207-1307,Beverly Powell,Manager
ACC-332,John.Mcintosh@Harris-Ward.org,Conct-352,2024-05-06T17:06:00+0200,HR,John,Mcintosh,Port Kylie,2230 Thompson Trail Apt. 982,+1-435-452-7963,John Mcintosh,Coordinator
ACC-333,Tina.Garcia@CarrGutierrezandStuart.us,Conct-353,2020-05-09T05:19:00+0200,Operations,Tina,Garcia,South Juliebury,04663 Marshall Forks Apt. 377,001-731-759-0950x12888,Tina Garcia,Coordinator
ACC-334,William.Marquez@YoungMckinneyandPearson.com,Conct-354,2023-11-05T04:59:00+0200,Engineering,William,Marquez,Jeremybury,97123 Smith Manor Apt. 311,001-974-572-7859x82597,William Marquez,Coordinator
ACC-335,Kenneth.Harris@CannonRiosandGonzalez.us,Conct-355,2025-01-02T13:54:00+0200,Marketing,Kenneth,Harris,Glenmouth,426 Courtney Course Suite 248,496.455.2403x40444,Kenneth Harris,Manager
ACC-336,Amy.Nguyen@GarzaWilliamsandLawrence.org,Conct-356,2020-07-31T00:49:00+0200,Finance,Amy,Nguyen,Weissburgh,0126 Melissa Skyway Apt. 189,201-625-2237,Amy Nguyen,Executive
ACC-337,William.House@LewisWebbandTucker.com,Conct-357,2022-08-12T12:45:00+0200,Support,William,House,Derektown,596 Chambers Estate Suite 408,193-207-7728,William House,Manager
ACC-338,Julia.Oliver@WhitePLC.com,Conct-358,2020-08-12T18:38:00+0200,Engineering,Julia,Oliver,New Matthew,1176 Lauren Viaduct Suite 891,(030)479-1596x48632,Julia Oliver,Specialist
ACC-339,Ricky.Olson@DavisVargasandKelly.com,Conct-359,2025-02-02T12:53:00+0200,Operations,Ricky,Olson,East David,951 Veronica Drive Apt. 040,001-473-563-1729x812,Ricky Olson,Director
ACC-340,Heather.Neal@Stevenson-Ramos.com,Conct-360,2024-03-01T07:20:00+0200,HR,Heather,Neal,East Kimberly,166 Reid Center,(746)413-1313,Heather Neal,Consultant
ACC-341,Lisa.Bryant@Robinson-Hester.com,Conct-361,2022-03-10T20:51:00+0200,Sales,Lisa,Bryant,New Michael,099 Brandi Mews,(283)654-1583,Lisa Bryant,Specialist
ACC-342,Jonathan.Rodgers@ThompsonandSons.com,Conct-362,2024-07-10T10:43:00+0200,Marketing,Jonathan,Rodgers,Port Michael,99177 Mathews Burg,390.949.9203,Jonathan Rodgers,Analyst
ACC-343,Jesse.Peters@Thomas-Franco.com,Conct-363,2024-08-04T15:58:00+0200,Engineering,Jesse,Peters,West Paul,081 Cummings Forges,001-162-398-0771,Jesse Peters,Manager
ACC-344,Noah.Walker@CherryPLC.us,Conct-364,2021-12-02T04:52:00+0200,HR,Noah,Walker,South Anthony,500 Paul Bypass,8471461908,Noah Walker,Analyst
ACC-345,Randall.Rodgers@Marshall-Rodriguez.com,Conct-365,2022-03-01T23:05:00+0200,Support,Randall,Rodgers,Deborahmouth,1943 Lopez Ville,57557,Randall Rodgers,Analyst
ACC-346,Christopher.Fisher@GarciaDiazandCollier.org,Conct-366,2020-03-31T00:17:00+0200,Marketing,Christopher,Fisher,Garzaburgh,6264 Novak Flats,300.123.4641x349,Christopher Fisher,Executive
ACC-347,Kristin.Smith@Mitchell-Ross.ia,Conct-367,2023-11-08T04:14:00+0200,Marketing,Kristin,Smith,West Timothyberg,5132 Scott Shores Apt. 077,476-695-1733x11826,Kristin Smith,Manager
ACC-348,Reginald.Jimenez@FieldsGroup.org,Conct-368,2020-02-01T01:12:00+0200,Finance,Reginald,Jimenez,Port Paul,71551 Victor Fort,(304)022-1862,Reginald Jimenez,Specialist
ACC-349,Sandy.Hayes@MarshallandSons.com,Conct-369,2023-02-04T04:12:00+0200,Finance,Sandy,Hayes,Lake Richardshire,441 Nunez Forks Suite 456,754-316-3289x993,Sandy Hayes,Consultant
ACC-350,David.Ryan@Williams-Taylor.com,Conct-370,2021-01-31T16:23:00+0200,Finance,David,Ryan,Tammyside,44994 Mark Well,001-692-951-0346,David Ryan,Coordinator
ACC-351,Kathryn.Colon@WalkerAveryandPonce.com,Conct-371,2022-11-02T18:26:00+0200,Finance,Kathryn,Colon,Thomasmouth,0160 Scott Extensions,(512)579-2220,Kathryn Colon,Consultant
ACC-352,Michael.Logan@SimmonsGentryandBecker.com,Conct-372,2023-10-09T06:15:00+0200,Marketing,Michael,Logan,New Brenda,95726 Michelle Tunnel,(158)125-5351x58782,Michael Logan,Executive
ACC-353,Shelly.Dickson@HesterGroup.org,Conct-373,2023-07-11T21:17:00+0200,Sales,Shelly,Dickson,Lake Davidbury,9938 April Manors Apt. 327,+1-002-943-4553x4511,Shelly Dickson,Manager
ACC-354,Eduardo.Grant@SanchezLLC.com,Conct-374,2021-03-01T21:29:00+0200,HR,Eduardo,Grant,Paulaview,41234 Powell Mill,+1-646-481-2729x34172,Eduardo Grant,Coordinator
ACC-355,Anthony.Collins@Martinez-Davidson.com,Conct-375,2022-04-03T00:26:00+0200,Support,Anthony,Collins,Hendersonmouth,19414 Lozano Brook Suite 468,+1-194-819-6085x39305,Anthony Collins,Executive
ACC-356,Rachel.Reid@MackRodriguezandRobinson.com,Conct-376,2023-06-02T05:37:00+0200,Marketing,Rachel,Reid,Mooreview,123 Singh Pike Apt. 831,(589)622-0625,Rachel Reid,Consultant
ACC-357,Amanda.Miller@BeltranLtd.us,Conct-377,2020-11-09T14:55:00+0200,Sales,Amanda,Miller,Andreborough,5531 Gilbert Key,719-200-7481x345,Amanda Miller,Consultant
ACC-358,Veronica.Wade@Lowe-Taylor.com,Conct-378,2024-11-04T14:39:00+0200,Marketing,Veronica,Wade,Jennifermouth,7795 Church Field,001-132-537-8121x404,Veronica Wade,Manager
ACC-359,Larry.Morton@BirdSmithandReed.us,Conct-379,2020-12-31T16:32:00+0200,HR,Larry,Morton,Stephenside,521 Victoria Way Apt. 054,917-732-2395,Larry Morton,Analyst
ACC-360,Nicholas.Valencia@West-Rice.com,Conct-380,2020-10-03T14:35:00+0200,HR,Nicholas,Valencia,Hartview,68402 Parsons Bypass Apt. 088,353.325.7846x25348,Nicholas Valencia,Executive
ACC-361,Kevin.Thompson@Mathis-Vincent.com,Conct-381,2021-12-07T11:32:00+0200,Support,Kevin,Thompson,New Matthew,5343 Ryan Terrace Suite 616,7947978782,Kevin Thompson,Executive
ACC-362,Alicia.Simon@WilliamsReyesandMyers.com,Conct-382,2022-09-05T04:27:00+0200,Support,Alicia,Simon,Wattsland,0685 Kimberly Forges Apt. 442,(157)600-9657,Alicia Simon,Specialist
ACC-363,Richard.Graham@SavageInc.com,Conct-383,2022-12-12T15:51:00+0200,Marketing,Richard,Graham,Evansland,1652 Andrew Stream,(762)429-8727x596,Richard Graham,Director
ACC-364,Emily.Lam@LaneGatesandNorman.com,Conct-384,2023-12-03T00:20:00+0200,Engineering,Emily,Lam,South David,157 Marcia Locks,(826)547-9493x576,Emily Lam,Coordinator
ACC-365,Robert.Austin@ThorntonLoweandWilliams.com,Conct-385,2024-02-12T02:53:00+0200,Marketing,Robert,Austin,Susanville,65948 Espinoza Creek Suite 775,035-563-8421x36174,Robert Austin,Manager
ACC-366,Mary.James@Lee-Arnold.com,Conct-386,2022-03-01T19:07:00+0200,Engineering,Mary,James,Port Mitchelltown,86921 Adam Coves Suite 051,4915776215,Mary James,Specialist
ACC-367,Chris.Gilbert@Miller-Williams.ia,Conct-387,2021-11-10T10:52:00+0200,HR,Chris,Gilbert,South Randyland,9813 Sims Oval,+1-184-503-0111x836,Chris Gilbert,Analyst
ACC-368,Marcus.Floyd@Burns-Rasmussen.us,Conct-388,2021-04-03T02:55:00+0200,Operations,Marcus,Floyd,Kristaborough,734 Maureen Orchard Suite 314,393.500.2889,Marcus Floyd,Coordinator
ACC-369,Joseph.Smith@JonesKimandCallahan.com,Conct-389,2021-01-11T10:27:00+0200,Support,Joseph,Smith,New Ashley,647 Buckley Fall Suite 762,(816)330-4285x519,Joseph Smith,Coordinator
ACC-370,John.Cooper@YoungHowellandSmith.com,Conct-390,2020-02-12T07:25:00+0200,Operations,John,Cooper,Palmerburgh,56373 Ross Locks Suite 639,(097)342-7628,John Cooper,Specialist
ACC-371,Cindy.Ingram@GrayGroup.org,Conct-391,2023-04-02T04:32:00+0200,Sales,Cindy,Ingram,North Anthony,8917 William Tunnel Apt. 350,001-283-825-3185x681,Cindy Ingram,Manager
ACC-372,Sarah.George@TaylorPLC.com,Conct-392,2021-06-09T03:04:00+0200,Support,Sarah,George,Marissashire,554 Jesse Parkways Apt. 045,9564888409,Sarah George,Specialist
ACC-372,Jonathan.Mcbride@TaylorPLC.com,Conct-393,2021-08-02T18:45:00+0200,Engineering,Jonathan,Mcbride,Grantberg,061 King Hill,7572638145,Jonathan Mcbride,Coordinator
ACC-372,Stuart.Torres@TaylorPLC.com,Conct-394,2021-02-10T03:08:00+0200,Sales,Stuart,Torres,Michaelchester,7508 Nguyen Springs Suite 143,6461301176,Stuart Torres,Executive
ACC-373,Jerome.Perez@BryanEvansandYoung.us,Conct-395,2022-12-08T10:14:00+0200,Sales,Jerome,Perez,East Sharon,799 Jack Forges Apt. 103,163.250.3840x375,Jerome Perez,Analyst
ACC-374,Anthony.Thompson@Martinez-Kemp.com,Conct-396,2021-08-04T06:06:00+0200,Marketing,Anthony,Thompson,Pamelashire,623 Martinez Union Apt. 700,+1-370-417-6825x78239,Anthony Thompson,Specialist
ACC-375,Anthony.Galvan@LittleWhiteandKelly.com,Conct-397,2021-04-01T16:54:00+0200,Finance,Anthony,Galvan,New Suzannestad,749 Whitehead Coves,+1-249-765-2303x5106,Anthony Galvan,Manager
ACC-376,Christopher.Johnson@RamirezGroup.com,Conct-398,2020-09-07T02:46:00+0200,Operations,Christopher,Johnson,North Danielle,41243 Dana Park,+1-306-557-3163,Christopher Johnson,Specialist
ACC-377,Rodney.Lang@AdamsandSons.us,Conct-399,2023-05-05T14:23:00+0200,Marketing,Rodney,Lang,New Jennifer,569 Myers Run Apt. 189,771-752-0714,Rodney Lang,Manager
ACC-378,Marissa.Horn@BallardLtd.us,Conct-400,2022-10-03T18:27:00+0200,Support,Marissa,Horn,Port Michelletown,87683 Matthew Forks,4426227949,Marissa Horn,Specialist
ACC-379,Mark.Tucker@Wolf-Brown.com,Conct-401,2024-04-03T00:15:00+0200,Marketing,Mark,Tucker,North Christianmouth,779 Belinda Row Suite 544,001-740-059-4700x811,Mark Tucker,Specialist
ACC-380,Rachel.Reyes@OsborneInc.ia,Conct-402,2025-01-10T14:17:00+0200,Finance,Rachel,Reyes,Wheelerfurt,928 Roberson Inlet,(074)112-3903,Rachel Reyes,Consultant
ACC-381,Brenda.Cannon@ByrdInc.us,Conct-403,2023-08-08T10:41:00+0200,Support,Brenda,Cannon,South Michelleberg,5253 Rachel Glens,949.254.1873x6090,Brenda Cannon,Director
ACC-382,Sonya.Russell@CoxandSons.com,Conct-404,2022-08-03T13:12:00+0200,Marketing,Sonya,Russell,Conradmouth,616 Li Shores,(416)481-6291x76632,Sonya Russell,Manager
ACC-383,Beth.Christensen@TurnerSchmidtandWhite.com,Conct-405,2021-11-02T14:01:00+0200,Marketing,Beth,Christensen,West Danielleville,7959 Spencer Land Apt. 289,(361)017-5772x95792,Beth Christensen,Specialist
ACC-384,Thomas.Myers@Hutchinson-Rose.org,Conct-406,2023-12-08T01:23:00+0200,Marketing,Thomas,Myers,Pattersonland,6988 Richard Center Suite 746,2015578578,Thomas Myers,Manager
ACC-385,Melissa.Jackson@MartinezCharlesandWhite.com,Conct-407,2022-06-09T12:17:00+0200,Marketing,Melissa,Jackson,Shelbyborough,469 Martin Spurs,1166320407,Melissa Jackson,Manager
ACC-386,Sara.Vaughn@Ingram-Green.com,Conct-408,2023-03-10T11:44:00+0200,Sales,Sara,Vaughn,Port William,91697 Hughes Divide Apt. 285,793.525.7613x044,Sara Vaughn,Manager
ACC-387,Rebecca.Williams@RhodesLLC.com,Conct-409,2022-08-10T00:53:00+0200,HR,Rebecca,Williams,Christopherton,6622 Tonya Isle Apt. 065,628-048-3546x9348,Rebecca Williams,Specialist
ACC-388,Nancy.Grant@Williamson-Haley.com,Conct-410,2024-08-01T07:25:00+0200,Operations,Nancy,Grant,Burgessland,0734 Holder Via Apt. 987,555-869-1186x973,Nancy Grant,Analyst
ACC-389,Dawn.Browning@HarmonPLC.org,Conct-411,2024-04-10T09:31:00+0200,Engineering,Dawn,Browning,Sandovalton,52892 Rivera Throughway Suite 767,110.172.8687x8077,Dawn Browning,Consultant
ACC-390,Monica.Williams@NortonInc.ia,Conct-412,2024-10-10T07:12:00+0200,Engineering,Monica,Williams,Larryfurt,036 John Track,+1-828-649-4011,Monica Williams,Analyst
ACC-391,Jocelyn.Gonzalez@RiveraHillandLang.com,Conct-413,2020-07-10T04:47:00+0200,Marketing,Jocelyn,Gonzalez,Leroyshire,071 Patrick Key,+1-743-743-3159,Jocelyn Gonzalez,Director
ACC-392,Alexandria.Hall@ParksPLC.ia,Conct-414,2021-10-03T18:15:00+0200,Operations,Alexandria,Hall,West Kathrynside,21644 Edward Trail Suite 339,(014)822-2815,Alexandria Hall,Executive
ACC-393,Karen.Aguirre@Proctor-Harrison.com,Conct-415,2020-11-02T14:21:00+0200,Operations,Karen,Aguirre,Nathanbury,305 Dodson Creek Apt. 011,(721)596-1671,Karen Aguirre,Director
ACC-394,Jacqueline.Pollard@ElliottGroup.com,Conct-416,2023-12-02T13:18:00+0200,HR,Jacqueline,Pollard,Coreyberg,843 Rhodes Meadows Apt. 658,7795567730,Jacqueline Pollard,Consultant
ACC-395,Jason.Harrison@Patel-Petersen.ia,Conct-417,2022-12-09T03:45:00+0200,Sales,Jason,Harrison,Margaretchester,5658 Richard Mount Suite 154,+1-605-836-6581x03035,Jason Harrison,Director
ACC-396,Gary.Williams@Hickman-Morrow.org,Conct-418,2023-01-12T23:30:00+0200,Finance,Gary,Williams,Brownborough,6511 Long Loaf Apt. 356,(394)386-3689,Gary Williams,Executive
ACC-397,Lisa.Vega@NashSantosandMurphy.ia,Conct-419,2024-06-07T18:36:00+0200,Sales,Lisa,Vega,Tylershire,999 Owens Bypass,+1-993-230-6969x5265,Lisa Vega,Specialist
ACC-398,Mark.Brooks@Shaw-Houston.com,Conct-420,2022-10-12T18:02:00+0200,Engineering,Mark,Brooks,North Sarahbury,75818 Hunter Lodge Apt. 785,889-669-4174,Mark Brooks,Manager
ACC-399,Henry.Young@Bentley-Blankenship.us,Conct-421,2021-02-01T07:56:00+0200,Sales,Henry,Young,North Andrew,08343 Miller Fords,(245)098-4349x8452,Henry Young,Analyst
ACC-400,Julia.Taylor@PhillipsEvansandMarshall.ia,Conct-422,2021-05-09T07:07:00+0200,Marketing,Julia,Taylor,West Hunter,8457 Casey Stravenue Suite 383,382-250-3038,Julia Taylor,Consultant
ACC-401,Eric.Bailey@Wright-Faulkner.com,Conct-423,2023-01-04T10:25:00+0200,Sales,Eric,Bailey,Sarahbury,44748 Jennifer Unions Apt. 447,482-078-8794,Eric Bailey,Consultant
ACC-402,Robert.Woodard@JohnsonOnealandMiller.com,Conct-424,2025-02-03T16:47:00+0200,Sales,Robert,Woodard,East Adrian,3939 Stacy Extension Suite 684,553343788,Robert Woodard,Director
ACC-403,Brittany.Alexander@Mathews-Moran.com,Conct-425,2024-06-01T13:45:00+0200,HR,Brittany,Alexander,Mossmouth,2139 Edward Creek,+1-642-112-7803x894,Brittany Alexander,Consultant
ACC-404,Andrew.Gutierrez@WebbPLC.com,Conct-426,2021-05-08T16:16:00+0200,Operations,Andrew,Gutierrez,Port Bobfort,05-17-00,604.067.9274x682,Andrew Gutierrez,Director
ACC-406,William.White@BullockInc.us,Conct-427,2020-02-03T06:06:00+0200,Sales,William,White,Jasonburgh,142 Manuel Run Suite 553,001-908-433-1828x17032,William White,Specialist
ACC-407,Michelle.Thomas@Reynolds-Payne.com,Conct-428,2021-09-11T15:47:00+0200,Finance,Michelle,Thomas,North Adam,3250 Joseph Trafficway,585.615.3954,Michelle Thomas,Director
ACC-408,Katherine.Harris@Dixon-Williams.com,Conct-429,2022-03-06T07:02:00+0200,Engineering,Katherine,Harris,East Melissastad,79349 Davis Manors,793-355-8201x580,Katherine Harris,Executive
ACC-409,Michelle.Jones@Sanchez-Walton.com,Conct-430,2022-07-09T08:10:00+0200,HR,Michelle,Jones,North Leslie,1851 Jones Mill,(317)957-4365x41118,Michelle Jones,Coordinator
ACC-410,Daniel.Flores@SantosInc.com,Conct-431,2023-07-02T14:51:00+0200,Support,Daniel,Flores,Hardinfurt,5667 Holt Station,317-967-6060x62540,Daniel Flores,Manager
ACC-411,Jason.Greer@Mcdonald-Taylor.com,Conct-432,2020-04-08T06:33:00+0200,Engineering,Jason,Greer,Port Courtneystad,896 Allen Ford Suite 055,831-073-0888x836,Jason Greer,Specialist
ACC-412,Louis.Bradshaw@MosleyandSons.ia,Conct-433,2021-05-12T00:04:00+0200,Sales,Louis,Bradshaw,Port Debra,09504 Wesley Roads,(032)495-4996x2359,Louis Bradshaw,Consultant
ACC-413,Frederick.Weiss@Nunez-Copeland.ia,Conct-434,2020-07-03T22:38:00+0200,Support,Frederick,Weiss,East Robin,26765 Lopez Falls,626-471-6046x8215,Frederick Weiss,Coordinator
ACC-414,Rebecca.Ward@CoxLtd.com,Conct-435,2024-10-02T11:08:00+0200,Support,Rebecca,Ward,Lake Charles,51735 Michael Haven,518-867-7096x623,Rebecca Ward,Director
ACC-416,Michael.Ramsey@Wade-Wilson.com,Conct-436,2020-10-07T12:53:00+0200,Sales,Michael,Ramsey,South Jeffrey,877 Heidi Village Suite 551,+1-337-258-2278x2112,Michael Ramsey,Specialist
ACC-417,Charles.Pace@Perez-Robinson.ia,Conct-437,2023-08-03T19:09:00+0200,HR,Charles,Pace,Christopherside,89299 Welch Run Suite 184,(521)597-4055x77442,Charles Pace,Director
ACC-418,Craig.Duran@RomanLtd.com,Conct-438,2022-03-03T04:21:00+0200,Sales,Craig,Duran,North Julie,222 Morris Motorway Apt. 925,001-516-343-6505x084,Craig Duran,Specialist
ACC-419,Paige.Stanley@JohnsonSimmonsandSmith.com,Conct-439,2020-01-07T14:48:00+0200,Finance,Paige,Stanley,Dannyport,8380 Robinson Stream Suite 858,486.583.3208x80603,Paige Stanley,Specialist
ACC-420,Cynthia.Lopez@Fleming-Mendoza.org,Conct-440,2024-01-02T22:45:00+0200,Support,Cynthia,Lopez,West Christyburgh,840 Martin Trail,622.833.8110x720,Cynthia Lopez,Manager
ACC-421,Juan.Johnson@HernandezPLC.org,Conct-441,2023-11-11T03:17:00+0200,Marketing,Juan,Johnson,New Angelchester,745 Brian Manor,+1-326-886-6916,Juan Johnson,Manager
ACC-422,Caitlyn.Bright@GreerSpencerandDillon.org,Conct-442,2020-11-02T17:19:00+0200,Support,Caitlyn,Bright,Eddieport,643 Anne Hill,928.362.6411,Caitlyn Bright,Manager
ACC-423,Francisco.Harrison@AlexanderBellandHarvey.us,Conct-443,2021-09-11T16:21:00+0200,Support,Francisco,Harrison,Freemantown,84464 Shane Ways Suite 870,904.653.3921x242,Francisco Harrison,Coordinator
ACC-424,Amber.Turner@MedinaPierceandLara.ia,Conct-444,2022-03-07T01:57:00+0200,HR,Amber,Turner,East Kevinton,805 Nathan Glens Suite 402,(912)727-1819x592,Amber Turner,Specialist
ACC-425,Perry.Hall@BrownLtd.us,Conct-445,2021-10-07T04:32:00+0200,Marketing,Perry,Hall,Shariberg,56895 Roger Field,1920345169,Perry Hall,Analyst
ACC-426,Penny.Roberts@JacksonPLC.com,Conct-446,2023-01-11T16:43:00+0200,Marketing,Penny,Roberts,Ortizmouth,57083 Roberta Vista,001-152-984-1427x863,Penny Roberts,Coordinator
ACC-427,Donald.Murray@BowmanTorresandHawkins.us,Conct-447,2024-10-08T03:11:00+0200,Engineering,Donald,Murray,West Chelseaview,75969 Michelle Valley Suite 443,001-785-121-5860,Donald Murray,Executive
ACC-428,Jessica.Ross@Allen-Gay.us,Conct-448,2023-09-03T06:49:00+0200,Finance,Jessica,Ross,Shelleyton,25363 Goodwin Points,902.966.7197x437,Jessica Ross,Executive
ACC-429,Bethany.Cunningham@Nelson-Montoya.ia,Conct-449,2025-02-08T19:25:00+0200,Marketing,Bethany,Cunningham,Rhondachester,48757 Collins Underpass,049-098-6487,Bethany Cunningham,Coordinator
ACC-430,Laura.Tyler@DownsWilliamsandBryan.com,Conct-450,2023-09-03T22:16:00+0200,Marketing,Laura,Tyler,South Ashley,7763 Soto Squares,3818752636,Laura Tyler,Director
ACC-431,Samantha.Ingram@ZhangThomasandMorales.com,Conct-451,2025-02-08T01:47:00+0200,Operations,Samantha,Ingram,East Stephanieton,860 Bond Lock Suite 323,554-348-9315x3062,Samantha Ingram,Director
ACC-432,Jennifer.Anderson@Howard-Brown.org,Conct-452,2022-10-04T00:58:00+0200,Engineering,Jennifer,Anderson,Lake Carol,210 Thomas Tunnel Apt. 771,(185)950-9040,Jennifer Anderson,Analyst
ACC-433,Peter.Smith@Foley-Griffith.org,Conct-453,2021-05-02T18:44:00+0200,HR,Peter,Smith,Port Thomas,7768 Payne Forges,080-194-1498,Peter Smith,Director
ACC-434,Martin.Barnett@Molina-Murphy.ia,Conct-454,2022-10-06T20:44:00+0200,Sales,Martin,Barnett,Burnsfurt,9769 Timothy Ridges Apt. 580,491832539,Martin Barnett,Analyst
ACC-435,Rita.Delgado@Schaefer-Harris.com,Conct-455,2024-08-07T01:05:00+0200,Finance,Rita,Delgado,Jeremyborough,9427 Davis Stravenue,083.319.9776,Rita Delgado,Consultant
ACC-436,Janet.Hall@Valenzuela-Herrera.com,Conct-456,2021-06-08T21:51:00+0200,Sales,Janet,Hall,West Samuelbury,288 Marvin Wall,958-078-9741,Janet Hall,Specialist
ACC-437,Toni.Duncan@StephensandSons.com,Conct-457,2022-08-02T21:31:00+0200,Sales,Toni,Duncan,Lake Joel,8855 Hoffman Vista,078-388-5862,Toni Duncan,Consultant
ACC-438,Matthew.Mitchell@Cooke-Rodriguez.com,Conct-458,2022-09-01T05:32:00+0200,Marketing,Matthew,Mitchell,Port Geraldfort,30052 Cameron Corner Suite 938,378-047-3424,Matthew Mitchell,Manager
ACC-439,William.Duncan@LeeGrayandKing.com,Conct-459,2021-05-12T08:44:00+0200,Support,William,Duncan,Nelsonport,85893 Lee Tunnel,001-001-687-9400x7183,William Duncan,Consultant
ACC-441,Kristina.Mosley@Burton-Garcia.us,Conct-460,2025-01-05T23:19:00+0200,Sales,Kristina,Mosley,Lake Samantha,912 Hernandez Turnpike,(981)657-0188x015,Kristina Mosley,Coordinator
ACC-442,Travis.Ruiz@Peterson-Collier.ia,Conct-461,2022-04-07T04:56:00+0200,Operations,Travis,Ruiz,Lake Eric,7984 Murray Coves Suite 340,155-561-9297,Travis Ruiz,Consultant
ACC-443,Shannon.Heath@HamptonGroup.org,Conct-462,2023-10-11T15:47:00+0200,Support,Shannon,Heath,Lake Curtismouth,41436 Salazar Port Apt. 309,204.428.4236x407,Shannon Heath,Specialist
ACC-444,Cristina.Adams@CruzandSons.com,Conct-463,2024-02-01T07:47:00+0200,Operations,Cristina,Adams,New Annashire,40253 Butler Underpass,475.997.7648x22271,Cristina Adams,Specialist
ACC-445,Kathy.Short@WilliamsHernandezandThomas.com,Conct-464,2024-11-08T22:29:00+0200,Support,Kathy,Short,Bowenville,55259 Martin Tunnel,+1-076-024-4860x95896,Kathy Short,Director
ACC-446,Melody.Wilson@MendezWilliamsandCook.ia,Conct-465,2022-10-31T16:32:00+0200,Finance,Melody,Wilson,New Timothy,26483 Richardson Well Apt. 657,947-319-5832x34240,Melody Wilson,Director
ACC-447,Debra.Norris@MartinezPrattandHopkins.com,Conct-466,2021-08-04T19:21:00+0200,Finance,Debra,Norris,Vargastown,29612 Harold Fields,009-297-3561x969,Debra Norris,Consultant
ACC-448,Jessica.Long@GarciaRogersandOconnor.org,Conct-467,2021-08-12T13:14:00+0200,HR,Jessica,Long,New Danielfort,5105 Hancock Avenue Apt. 879,42726,Jessica Long,Executive
ACC-449,Larry.Smith@Mayer-Mccoy.com,Conct-468,2021-06-11T20:14:00+0200,Sales,Larry,Smith,West Kathleenmouth,29897 Foster Place Suite 147,748-630-1341,Larry Smith,Manager
ACC-450,Bob.Boyle@ColemanMcclainandReid.com,Conct-469,2024-12-10T03:06:00+0200,Finance,Bob,Boyle,Nelsonfurt,30750 Joel Isle,+1-981-418-4751x631,Bob Boyle,Manager
ACC-451,Charles.Hernandez@BoltonBaxterandCardenas.us,Conct-470,2022-03-11T10:41:00+0200,Support,Charles,Hernandez,Taylorfort,761 Gonzalez Inlet Apt. 127,001-551-201-4759x709,Charles Hernandez,Specialist
ACC-452,Renee.Gonzalez@Pratt-Powell.ia,Conct-471,2022-01-02T08:55:00+0200,Finance,Renee,Gonzalez,Graychester,269 Garcia Trafficway,001-687-566-2273,Renee Gonzalez,Executive
ACC-453,Whitney.Thomas@Hess-Bennett.org,Conct-472,2024-06-05T05:35:00+0200,HR,Whitney,Thomas,Elainefurt,337 Collins Loaf Apt. 070,+1-809-611-4283x065,Whitney Thomas,Analyst
ACC-454,Joshua.Smith@Williams-Marquez.com,Conct-473,2022-02-10T11:44:00+0200,Engineering,Joshua,Smith,Meyerborough,4482 Larson Trail Apt. 633,(751)779-5833x05764,Joshua Smith,Analyst
ACC-455,Michael.Smith@Silva-Phillips.com,Conct-474,2022-11-11T17:42:00+0200,Operations,Michael,Smith,West Deniseville,181 Moore Port,+1-301-763-3153,Michael Smith,Consultant
ACC-456,Richard.Sparks@LeeJensenandWilliams.com,Conct-475,2020-03-13T05:19:00+0200,Operations,Richard,Sparks,Mitchellview,96266 Brown Tunnel,(624)754-1924,Richard Sparks,Specialist
ACC-457,Jacob.Galvan@WilliamsLLC.com,Conct-476,2022-09-10T22:05:00+0200,Support,Jacob,Galvan,Alexisburgh,911 Jennifer Trafficway,(873)671-1310x82645,Jacob Galvan,Coordinator
ACC-457,Beth.Cisneros@WilliamsLLC.com,Conct-477,2022-01-13T02:28:00+0200,Marketing,Beth,Cisneros,Owensberg,302 Edward Lodge Apt. 429,001-471-147-3587x10538,Beth Cisneros,Executive
ACC-458,Gary.Mann@AustinPLC.us,Conct-478,2020-10-09T13:34:00+0200,Engineering,Gary,Mann,Lawrencemouth,495 Amy Radial Suite 976,(272)794-3221x036,Gary Mann,Manager
ACC-459,Alyssa.Bell@JohnsonWatkinsandZavala.com,Conct-479,2022-04-02T19:38:00+0200,Sales,Alyssa,Bell,Lake Daniel,5310 Wheeler Center,(591)872-8348,Alyssa Bell,Specialist
ACC-460,Robert.Stokes@PerezSanchezandParker.ia,Conct-480,2022-10-05T15:49:00+0200,HR,Robert,Stokes,North Susan,8919 Huber Views,001-150-496-0542x1090,Robert Stokes,Executive
ACC-461,Amanda.Scott@Bryant-Jackson.us,Conct-481,2021-08-10T16:00:00+0200,HR,Amanda,Scott,Zimmermanshire,810 Randy Port,1160448729,Amanda Scott,Analyst
ACC-464,Juan.Ryan@ReidLLC.com,Conct-482,2025-01-10T03:53:00+0200,Support,Juan,Ryan,New Thomaschester,2641 Pittman Course,001-463-284-4293x087,Juan Ryan,Coordinator
ACC-465,Danielle.Allen@Perez-Mckinney.ia,Conct-483,2021-01-01T20:12:00+0200,Marketing,Danielle,Allen,Deanview,65873 Mcdonald Station Apt. 750,701-420-9632x062,Danielle Allen,Analyst
ACC-466,Edwin.Rosario@DanielsMahoneyandBoyd.com,Conct-484,2020-12-12T07:36:00+0200,Support,Edwin,Rosario,North Brendabury,4757 Wilson Stream Suite 710,299-004-3927x3990,Edwin Rosario,Director
ACC-467,John.Smith@LewisRossandWeiss.com,Conct-485,2023-07-02T23:55:00+0200,Support,John,Smith,East Craig,717 Brenda Path,001-872-846-5900x6251,John Smith,Director
ACC-468,Anthony.Wagner@SmithHessandHarrell.com,Conct-486,2023-06-06T23:23:00+0200,HR,Anthony,Wagner,West Scott,29230 Ronald Walks Apt. 476,(402)777-7848,Anthony Wagner,Executive
ACC-469,Chad.Hammond@DavisSmithandBooker.com,Conct-487,2023-04-12T15:36:00+0200,Operations,Chad,Hammond,Port Alexandertown,0094 Jonathon Estate,(903)638-7006x00140,Chad Hammond,Manager
ACC-470,Robert.Garrison@RichardsonPLC.com,Conct-488,2022-04-05T10:34:00+0200,Finance,Robert,Garrison,Karenport,18626 Joseph Branch,1230921296,Robert Garrison,Consultant
ACC-471,Malik.Gonzalez@Dalton-Shaw.com,Conct-489,2021-05-01T15:40:00+0200,Engineering,Malik,Gonzalez,Leeton,976 Jennifer Pines,7946655677,Malik Gonzalez,Manager
ACC-472,David.Foster@AdamsLtd.us,Conct-490,2024-01-04T04:07:00+0200,Finance,David,Foster,East Julialand,017 Justin Spurs,(593)917-3251,David Foster,Executive
ACC-473,Rachel.Higgins@Calderon-Lamb.us,Conct-491,2020-06-01T19:16:00+0200,Marketing,Rachel,Higgins,North Jonathan,42227 Mendoza Grove Apt. 396,352.158.4516,Rachel Higgins,Specialist
ACC-474,Eric.Norman@Stevenson-Burns.com,Conct-492,2022-01-11T17:01:00+0200,HR,Eric,Norman,Leeborough,228 Julie Junction Suite 374,+1-254-139-3369,Eric Norman,Director
ACC-475,Christian.Thompson@MooreHensleyandOwens.ia,Conct-493,2022-08-11T11:53:00+0200,Marketing,Christian,Thompson,Cherylview,45435 Reed Glens,001-614-810-5167x9951,Christian Thompson,Analyst
ACC-476,Justin.Elliott@MirandaJonesandWalters.ia,Conct-494,2021-05-11T02:46:00+0200,Support,Justin,Elliott,West Jason,80191 Brandy Prairie Suite 497,+1-776-124-6018,Justin Elliott,Consultant
ACC-477,Jason.Perez@JonesBurkeandDurham.com,Conct-495,2021-09-05T15:06:00+0200,Sales,Jason,Perez,Lake Joelville,59448 Thomas Hill Suite 581,(645)751-4642,Jason Perez,Specialist
ACC-478,Brittany.Fitzgerald@Pugh-Bailey.com,Conct-496,2022-10-03T20:12:00+0200,Engineering,Brittany,Fitzgerald,Tanyastad,1021 Barnett Avenue Apt. 918,+1-555-043-2283x03258,Brittany Fitzgerald,Director
ACC-479,Rebecca.Martinez@FischerPLC.org,Conct-497,2022-12-12T15:51:00+0200,Marketing,Rebecca,Martinez,Port Kyleport,1411 Maria Walks Apt. 847,+1-264-353-2344,Rebecca Martinez,Specialist
ACC-480,Kathleen.Keith@PerezBrownandBrowning.ia,Conct-498,2025-03-07T11:48:00+0200,Support,Kathleen,Keith,Jessicaville,96886 Donna Loaf Apt. 313,(325)144-2236x64740,Kathleen Keith,Analyst
ACC-481,Matthew.Ibarra@Scott-Rowe.com,Conct-499,2023-07-31T14:01:00+0200,HR,Matthew,Ibarra,Smithfort,48493 James Turnpike,(051)453-3137,Matthew Ibarra,Consultant
ACC-482,Drew.Walker@ArnoldSmithandHoffman.us,Conct-500,2020-04-03T00:56:00+0200,Engineering,Drew,Walker,Klinestad,138 Bethany Expressway,+1-636-515-2993x76326,Drew Walker,Analyst
ACC-483,Tim.Dominguez@Perez-Brooks.ia,Conct-501,2023-01-11T17:10:00+0200,Marketing,Tim,Dominguez,Lake Jennifershire,5725 Matthew Views Apt. 861,+1-030-588-9984x673,Tim Dominguez,Director
ACC-484,Kevin.Willis@SanchezLtd.com,Conct-502,2020-11-05T09:38:00+0200,Operations,Kevin,Willis,Ericstad,4927 Bradley Summit Suite 060,439.718.6271x9883,Kevin Willis,Coordinator
ACC-485,John.Roy@DeleonLLC.com,Conct-503,2020-10-05T16:27:00+0200,Marketing,John,Roy,New Michelle,73871 Cervantes Route Suite 166,360.534.1507,John Roy,Coordinator
ACC-486,Zachary.Mcgee@Mcfarland-Green.com,Conct-504,2022-06-02T05:46:00+0200,Engineering,Zachary,Mcgee,New Jeremy,019 Chavez View,4689879111,Zachary Mcgee,Coordinator
ACC-487,Samantha.Wallace@ValentineLLC.com,Conct-505,2023-09-03T21:06:00+0200,HR,Samantha,Wallace,Mitchellville,110 Tyler Run Suite 288,(119)420-2227x386,Samantha Wallace,Manager
ACC-488,Tammy.Good@VasquezLtd.com,Conct-506,2022-01-01T08:26:00+0200,Sales,Tammy,Good,South Justin,0543 Steele Passage Apt. 379,741-980-2220,Tammy Good,Consultant
ACC-489,Holly.Nelson@Simpson-Ashley.com,Conct-507,2021-10-10T11:06:00+0200,Support,Holly,Nelson,Diazstad,741 Patterson Spring Suite 645,(448)954-8626,Holly Nelson,Specialist
ACC-490,Jacob.Martinez@GibsonPLC.org,Conct-508,2022-10-08T06:20:00+0200,HR,Jacob,Martinez,Michaelstad,557 Ross Plaza Suite 638,527.405.1210x96474,Jacob Martinez,Coordinator
ACC-491,Wendy.Martinez@ThomasGroup.com,Conct-509,2022-01-06T14:03:00+0200,Finance,Wendy,Martinez,West Tara,88540 Sierra Crest Apt. 346,(175)539-1835x215,Wendy Martinez,Director
ACC-491,Debra.Lane@ThomasGroup.com,Conct-510,2025-03-06T05:50:00+0200,Marketing,Debra,Lane,Dillonland,5649 Anthony Path,033-432-8249,Debra Lane,Manager
ACC-492,Kelly.Reese@StewartStewartandTorres.com,Conct-511,2023-04-08T00:58:00+0200,Finance,Kelly,Reese,Port Brooke,712 Clark Loaf,694.533.8845,Kelly Reese,Executive
ACC-493,Christine.Nichols@GutierrezLtd.org,Conct-512,2022-03-07T06:00:00+0200,Sales,Christine,Nichols,Juliafort,6439 Roth Brooks Suite 968,+1-420-132-7231x109,Christine Nichols,Coordinator
ACC-494,Lynn.Ball@MossInc.ia,Conct-513,2023-07-03T19:14:00+0200,Support,Lynn,Ball,South Zachary,864 Sanchez Mount,(298)563-3971x7751,Lynn Ball,Executive
ACC-495,Erik.Herrera@MillerandSons.ia,Conct-514,2023-09-04T07:02:00+0200,Sales,Erik,Herrera,Olsonfort,147 Cox Drive,001-702-001-2593x95534,Erik Herrera,Specialist
ACC-496,Kelly.Bond@Gonzalez-Blake.org,Conct-515,2022-03-11T01:07:00+0200,HR,Kelly,Bond,Toddburgh,58237 Bill Road,+1-745-589-7110x8883,Kelly Bond,Specialist
ACC-497,Melinda.Thomas@Nguyen-Gonzalez.ia,Conct-516,2020-12-01T16:38:00+0200,Support,Melinda,Thomas,Sandovalstad,9471 Campbell Port,8822087702,Melinda Thomas,Executive
ACC-498,Steven.Bowen@McmillanPLC.ia,Conct-517,2022-07-11T12:45:00+0200,Finance,Steven,Bowen,Lake Davidton,892 Brown Shoals,978.170.5703x8621,Steven Bowen,Director
ACC-499,Kelly.Campbell@Alexander-Farley.us,Conct-518,2023-12-12T04:18:00+0200,Support,Kelly,Campbell,North Meganfort,4572 Cameron Unions Apt. 066,1248827848,Kelly Campbell,Analyst
ACC-500,Michael.Randall@ArnoldWalkerandGordon.us,Conct-519,2022-11-07T18:26:00+0200,Finance,Michael,Randall,North Carrie,896 Jacob Estate,568-252-5869,Michael Randall,Director